sha256,copy_count,relative_path,is_canonical,duplicate_index
00e8dc12482919e0cfc43218275390f295c3f3b75e34ebeef0ade8b4809a3f5a,2,Synchronised V abd S datasets/Categorised IOVNB Dataset/Vtb (Driver E)/Vtb12/S-Vtb12.csv,True,0
00e8dc12482919e0cfc43218275390f295c3f3b75e34ebeef0ade8b4809a3f5a,2,Unsynchronised V and S Dataset/Uncategorised IOVNB (V and S) Dataset/S-Dataset/S-Vtb12.csv,False,1
031765759d3336fa67fd8c6b98fdfb3a5786d284a5626734375ec61fe8f63e4d,2,Synchronised V abd S datasets/Categorised IOVNB Dataset/Vta (Driver E)/Vta07/V-vta7.csv,True,0
031765759d3336fa67fd8c6b98fdfb3a5786d284a5626734375ec61fe8f63e4d,2,Synchronised V abd S datasets/Uncategorised IOVNB Dataset/V-Dataset/V-vta7.csv,False,1
0514c4dd38fe24dd7e196ee206b880f4ccd984a255b80e6de984839bce40952c,2,Synchronised V abd S datasets/Categorised IOVNB Dataset/S (Driver A)/S2/V-S2.csv,True,0
0514c4dd38fe24dd7e196ee206b880f4ccd984a255b80e6de984839bce40952c,2,Synchronised V abd S datasets/Uncategorised IOVNB Dataset/V-Dataset/V-S2.csv,False,1
0750e1ddccb84440e4984f308872a2ff20c64019b64e27815d79496a7e6dbce6,2,Synchronised V abd S datasets/Categorised IOVNB Dataset/Vw (Driver E)/Vw05/S-Vw5.csv,True,0
0750e1ddccb84440e4984f308872a2ff20c64019b64e27815d79496a7e6dbce6,2,Unsynchronised V and S Dataset/Uncategorised IOVNB (V and S) Dataset/S-Dataset/S-Vw5.csv,False,1
07cc3f87b51c3e68cdf517cb296e68bf0d17f49230baa724bbe96736af2c9da3,2,Synchronised V abd S datasets/Categorised IOVNB Dataset/Vta (Driver E)/Vta16/V-vta16.csv,True,0
07cc3f87b51c3e68cdf517cb296e68bf0d17f49230baa724bbe96736af2c9da3,2,Synchronised V abd S datasets/Uncategorised IOVNB Dataset/V-Dataset/V-vta16.csv,False,1
09c317c6e7e3b8534459610c7b47a23787563febc6fdeae015f04f037737a878,2,Unsynchronised V and S Dataset/Categorised IOVNB (V) Dataset/V Dataset/Vf (Driver E)/V-Vfb02g/V-Vfb02g.csv,True,0
09c317c6e7e3b8534459610c7b47a23787563febc6fdeae015f04f037737a878,2,Unsynchronised V and S Dataset/Uncategorised IOVNB (V and S) Dataset/V-Dataset/V-Vfb02g.csv,False,1
0a9dcbe6816e28e6c663f1b90668d37e024f314ee9bc91a674d49eb28b7fb01c,2,Synchronised V abd S datasets/Categorised IOVNB Dataset/Vtb (Driver E)/Vtb09/S-Vtb9.csv,True,0
0a9dcbe6816e28e6c663f1b90668d37e024f314ee9bc91a674d49eb28b7fb01c,2,Unsynchronised V and S Dataset/Uncategorised IOVNB (V and S) Dataset/S-Dataset/S-Vtb9.csv,False,1
0b08f02c7568c47b79ae137f9811b6bead3d1550e60a0be496f7430b0fbb49de,2,Synchronised V abd S datasets/Categorised IOVNB Dataset/Vw (Driver E)/Vw08/V-Vw8.csv,True,0
0b08f02c7568c47b79ae137f9811b6bead3d1550e60a0be496f7430b0fbb49de,2,Synchronised V abd S datasets/Uncategorised IOVNB Dataset/V-Dataset/V-Vw8.csv,False,1
0b92aa13c01d1436e10a3b3272a8649e6639630f72d3e2b3c618ae2957a97989,2,Synchronised V abd S datasets/Categorised IOVNB Dataset/Vw (Driver E)/Vw16a/V-Vw16a.csv,True,0
0b92aa13c01d1436e10a3b3272a8649e6639630f72d3e2b3c618ae2957a97989,2,Synchronised V abd S datasets/Uncategorised IOVNB Dataset/V-Dataset/V-Vw16a.csv,False,1
0d16cd6deaddf30a98461a546ce47621f4b57fa3fd902623765bad1dd83c0887,2,Synchronised V abd S datasets/Categorised IOVNB Dataset/Vta (Driver E)/Vta04/S-Vta4.csv,True,0
0d16cd6deaddf30a98461a546ce47621f4b57fa3fd902623765bad1dd83c0887,2,Unsynchronised V and S Dataset/Uncategorised IOVNB (V and S) Dataset/S-Dataset/S-Vta4.csv,False,1
0d79ef3cd96f48b611e5da7dd14f4cb6ed0f1f747d247d26847918545440b9d3,2,Synchronised V abd S datasets/Categorised IOVNB Dataset/Vw (Driver E)/Vw04/S-Vw4.csv,True,0
0d79ef3cd96f48b611e5da7dd14f4cb6ed0f1f747d247d26847918545440b9d3,2,Unsynchronised V and S Dataset/Uncategorised IOVNB (V and S) Dataset/S-Dataset/S-Vw4.csv,False,1
0f11eea4a2c183a7bae05c0cc6f795d4344c2bbf621010129de8584747db93b2,2,Synchronised V abd S datasets/Categorised IOVNB Dataset/Vtb (Driver E)/Vtb08/V-vtb8.csv,True,0
0f11eea4a2c183a7bae05c0cc6f795d4344c2bbf621010129de8584747db93b2,2,Synchronised V abd S datasets/Uncategorised IOVNB Dataset/V-Dataset/V-vtb8.csv,False,1
0f372c0946092966eba77bcdaf6bb3ebf6b15c60a6ed2f290e4426f61466135b,2,Unsynchronised V and S Dataset/Categorised IOVNB (V) Dataset/V Dataset/Vta (Driver E)/Vta06/V-Vta6.csv,True,0
0f372c0946092966eba77bcdaf6bb3ebf6b15c60a6ed2f290e4426f61466135b,2,Unsynchronised V and S Dataset/Uncategorised IOVNB (V and S) Dataset/V-Dataset/V-Vta6.csv,False,1
125a3ab348bca6b5d9fb2d52b7ba1f27d4a31f03b7b60b16ef778f7935bb4380,2,Synchronised V abd S datasets/Categorised IOVNB Dataset/Vw (Driver E)/Vw01/V-Vw1.csv,True,0
125a3ab348bca6b5d9fb2d52b7ba1f27d4a31f03b7b60b16ef778f7935bb4380,2,Synchronised V abd S datasets/Uncategorised IOVNB Dataset/V-Dataset/V-Vw1.csv,False,1
12f6c6a3f00af8e2e5f9cdb368f5952e32986dfd437707b83fd6890893458aa8,2,Unsynchronised V and S Dataset/Categorised IOVNB (V) Dataset/V Dataset/Vta (Driver E)/Vta21/V-Vta21.csv,True,0
12f6c6a3f00af8e2e5f9cdb368f5952e32986dfd437707b83fd6890893458aa8,2,Unsynchronised V and S Dataset/Uncategorised IOVNB (V and S) Dataset/V-Dataset/V-Vta21.csv,False,1
150b73335a4283e2aba5aa8c5320d32271bf20546005e7f5f60918d8381f5475,2,Synchronised V abd S datasets/Categorised IOVNB Dataset/Vta (Driver E)/Vta09/S-Vta9.csv,True,0
150b73335a4283e2aba5aa8c5320d32271bf20546005e7f5f60918d8381f5475,2,Unsynchronised V and S Dataset/Uncategorised IOVNB (V and S) Dataset/S-Dataset/S-Vta9.csv,False,1
15ad54e093b7ff783a88db02952fe634ba5b640173c93462d28152f71dcfa8a5,2,Synchronised V abd S datasets/Categorised IOVNB Dataset/Vta (Driver E)/Vta06/S-Vta6.csv,True,0
15ad54e093b7ff783a88db02952fe634ba5b640173c93462d28152f71dcfa8a5,2,Unsynchronised V and S Dataset/Uncategorised IOVNB (V and S) Dataset/S-Dataset/S-Vta6.csv,False,1
15d33059adbdee84391153fe23d43d63c3bf7370e5da8cca66fb9c5d334730c8,2,Unsynchronised V and S Dataset/Categorised IOVNB (V) Dataset/V Dataset/Vta (Driver E)/Vta30/V-Vta30.csv,True,0
15d33059adbdee84391153fe23d43d63c3bf7370e5da8cca66fb9c5d334730c8,2,Unsynchronised V and S Dataset/Uncategorised IOVNB (V and S) Dataset/V-Dataset/V-Vta30.csv,False,1
17c4e9933bfb1d2c9e006dfacfc5a760532804e9fe3b1120f97b94c2c1785ffb,2,Unsynchronised V and S Dataset/Categorised IOVNB (V) Dataset/V Dataset/Vta (Driver E)/Vta20/V-Vta20.csv,True,0
17c4e9933bfb1d2c9e006dfacfc5a760532804e9fe3b1120f97b94c2c1785ffb,2,Unsynchronised V and S Dataset/Uncategorised IOVNB (V and S) Dataset/V-Dataset/V-Vta20.csv,False,1
17e9cc28a2a6b29038bb969725a96d8f46d514694d7b57686fa4ff0e2118577d,2,Synchronised V abd S datasets/Categorised IOVNB Dataset/Vtb (Driver E)/Vtb03/V-vtb3.csv,True,0
17e9cc28a2a6b29038bb969725a96d8f46d514694d7b57686fa4ff0e2118577d,2,Synchronised V abd S datasets/Uncategorised IOVNB Dataset/V-Dataset/V-vtb3.csv,False,1
18bd17ba2fc06a70a2fca32d7a913c5543011be583b60e1db8a78a4167f84482,2,Unsynchronised V and S Dataset/Categorised IOVNB (V) Dataset/V Dataset/Vtb (Driver E)/Vtb02/V-Vtb2.csv,True,0
18bd17ba2fc06a70a2fca32d7a913c5543011be583b60e1db8a78a4167f84482,2,Unsynchronised V and S Dataset/Uncategorised IOVNB (V and S) Dataset/V-Dataset/V-Vtb2.csv,False,1
19b9d26888e58c71e28ca6de34dd423e9a779a29b1cf0976d3b2f4f7dac56601,2,Synchronised V abd S datasets/Categorised IOVNB Dataset/Vta (Driver E)/Vta01a/S-Vta1a.csv,True,0
19b9d26888e58c71e28ca6de34dd423e9a779a29b1cf0976d3b2f4f7dac56601,2,Unsynchronised V and S Dataset/Uncategorised IOVNB (V and S) Dataset/S-Dataset/S-Vta1a.csv,False,1
1b25f604e07545448be54970cd480b23bc7a37814118d6b86dad10ff29ba8d0f,2,Synchronised V abd S datasets/Categorised IOVNB Dataset/Vw (Driver E)/Vw16a/S-Vw16a.csv,True,0
1b25f604e07545448be54970cd480b23bc7a37814118d6b86dad10ff29ba8d0f,2,Unsynchronised V and S Dataset/Uncategorised IOVNB (V and S) Dataset/S-Dataset/S-Vw16a.csv,False,1
1b3b6d1e2e4d7c89cbe66f7888534cee2d13bf1287d52432a995b7cad8a82c7f,2,Synchronised V abd S datasets/Categorised IOVNB Dataset/Vw (Driver E)/Vw14c/V-Vw14c.csv,True,0
1b3b6d1e2e4d7c89cbe66f7888534cee2d13bf1287d52432a995b7cad8a82c7f,2,Synchronised V abd S datasets/Uncategorised IOVNB Dataset/V-Dataset/V-Vw14c.csv,False,1
1cac1c8045c4f85423f01425881dd7e6814ae167100590c988a5ef141eb9e73f,2,Synchronised V abd S datasets/Categorised IOVNB Dataset/S (Driver A)/S3a/V-S3a.csv,True,0
1cac1c8045c4f85423f01425881dd7e6814ae167100590c988a5ef141eb9e73f,2,Synchronised V abd S datasets/Uncategorised IOVNB Dataset/V-Dataset/V-S3a.csv,False,1
1e81b217eaf6c2340aafbbc122ad738d876013366737437155a4e722eb6fd8ed,2,Synchronised V abd S datasets/Categorised IOVNB Dataset/Vw (Driver E)/Vw16b/V-Vw16b.csv,True,0
1e81b217eaf6c2340aafbbc122ad738d876013366737437155a4e722eb6fd8ed,2,Synchronised V abd S datasets/Uncategorised IOVNB Dataset/V-Dataset/V-Vw16b.csv,False,1
212ba000dbad28b3375cb0e6a3b205a0415be2f3248ecff35e0c3db0089cf0a7,2,Synchronised V abd S datasets/Categorised IOVNB Dataset/Vta (Driver E)/Vta10/S-Vta10.csv,True,0
212ba000dbad28b3375cb0e6a3b205a0415be2f3248ecff35e0c3db0089cf0a7,2,Unsynchronised V and S Dataset/Uncategorised IOVNB (V and S) Dataset/S-Dataset/S-Vta10.csv,False,1
21c4f30690769a052de0f97125d4c0e455e7fc527bd8d3e98e34e8bfb2bee81b,2,Synchronised V abd S datasets/Categorised IOVNB Dataset/Vta (Driver E)/Vta12/V-vta12.csv,True,0
21c4f30690769a052de0f97125d4c0e455e7fc527bd8d3e98e34e8bfb2bee81b,2,Synchronised V abd S datasets/Uncategorised IOVNB Dataset/V-Dataset/V-vta12.csv,False,1
21dbfe17ff301ac645e0a2be39fd45d9da758d087ccf9e95875b90225a193781,2,Synchronised V abd S datasets/Categorised IOVNB Dataset/Vta (Driver E)/Vta17/V-vta17.csv,True,0
21dbfe17ff301ac645e0a2be39fd45d9da758d087ccf9e95875b90225a193781,2,Synchronised V abd S datasets/Uncategorised IOVNB Dataset/V-Dataset/V-vta17.csv,False,1
2399eafd439216c38749ebc2b2751251f22dd4e3c46b7bce8c42d23b50e485cb,2,Synchronised V abd S datasets/Categorised IOVNB Dataset/Vw (Driver E)/Vw06/V-Vw6.csv,True,0
2399eafd439216c38749ebc2b2751251f22dd4e3c46b7bce8c42d23b50e485cb,2,Synchronised V abd S datasets/Uncategorised IOVNB Dataset/V-Dataset/V-Vw6.csv,False,1
23b4e70ca03acb6aadb4c1d2e68d1dd6f996e695dd56e1fb2f6ff6ffaac3b46e,2,Unsynchronised V and S Dataset/Categorised IOVNB (V) Dataset/V Dataset/Vta (Driver E)/Vta01b/V-Vta1b.csv,True,0
23b4e70ca03acb6aadb4c1d2e68d1dd6f996e695dd56e1fb2f6ff6ffaac3b46e,2,Unsynchronised V and S Dataset/Uncategorised IOVNB (V and S) Dataset/V-Dataset/V-Vta1b.csv,False,1
24e309a5f7d7e5661a661ef92c54b32e478907a08818e898dad0f62e049f1996,2,Unsynchronised V and S Dataset/Categorised IOVNB (V) Dataset/V Dataset/Y (Driver D)/Y2/V-Y2.csv,True,0
24e309a5f7d7e5661a661ef92c54b32e478907a08818e898dad0f62e049f1996,2,Unsynchronised V and S Dataset/Uncategorised IOVNB (V and S) Dataset/V-Dataset/V-Y2.csv,False,1
25cb9562fd74e86e18c8d04aee38d6c8f65c3b4ce1bb1de8226aa22e0af08718,2,Unsynchronised V and S Dataset/Categorised IOVNB (V) Dataset/V Dataset/Vf (Driver E)/V-Vfb01c/V-Vfb01c.csv,True,0
25cb9562fd74e86e18c8d04aee38d6c8f65c3b4ce1bb1de8226aa22e0af08718,2,Unsynchronised V and S Dataset/Uncategorised IOVNB (V and S) Dataset/V-Dataset/V-Vfb01c.csv,False,1
26a1ee080da4db98e175e15d6fec631e6f8c285c13817d9d74ecc90ed280d103,2,Synchronised V abd S datasets/Categorised IOVNB Dataset/M (Driver B)/S-M.csv,True,0
26a1ee080da4db98e175e15d6fec631e6f8c285c13817d9d74ecc90ed280d103,2,Unsynchronised V and S Dataset/Uncategorised IOVNB (V and S) Dataset/S-Dataset/S-M.csv,False,1
27cac1b546258a188c9034560b73cf970e950213894325345570bfc1fa50b7e1,2,Unsynchronised V and S Dataset/Categorised IOVNB (V) Dataset/V Dataset/Vta (Driver E)/Vta14/V-Vta14.csv,True,0
27cac1b546258a188c9034560b73cf970e950213894325345570bfc1fa50b7e1,2,Unsynchronised V and S Dataset/Uncategorised IOVNB (V and S) Dataset/V-Dataset/V-Vta14.csv,False,1
29e92ed9bcb2d711e651246675c435b3f9499c040cfcad367624e8720c0dc891,2,Synchronised V abd S datasets/Categorised IOVNB Dataset/S (Driver A)/S1/V-S1.csv,True,0
29e92ed9bcb2d711e651246675c435b3f9499c040cfcad367624e8720c0dc891,2,Synchronised V abd S datasets/Uncategorised IOVNB Dataset/V-Dataset/V-S1.csv,False,1
29f6fa4f216308cc77018ed542bff4a6c3a44588a6286505277ccbd27636c8af,2,Unsynchronised V and S Dataset/Categorised IOVNB (V) Dataset/V Dataset/Vw (Driver E)/Vw09/V-Vw9.csv,True,0
29f6fa4f216308cc77018ed542bff4a6c3a44588a6286505277ccbd27636c8af,2,Unsynchronised V and S Dataset/Uncategorised IOVNB (V and S) Dataset/V-Dataset/V-Vw9.csv,False,1
2b5e7012d2fce26807d48ce46effd70d217574516c6fb77467beffde7f97e767,2,Synchronised V abd S datasets/Categorised IOVNB Dataset/Vw (Driver E)/Vw13/V-Vw13.csv,True,0
2b5e7012d2fce26807d48ce46effd70d217574516c6fb77467beffde7f97e767,2,Synchronised V abd S datasets/Uncategorised IOVNB Dataset/V-Dataset/V-Vw13.csv,False,1
2c199c21f3a7e70e4265c051307848828120c404ec2ce16d962c53bab423d739,2,Unsynchronised V and S Dataset/Categorised IOVNB (V) Dataset/V Dataset/Vta (Driver E)/Vta05/V-Vta5.csv,True,0
2c199c21f3a7e70e4265c051307848828120c404ec2ce16d962c53bab423d739,2,Unsynchronised V and S Dataset/Uncategorised IOVNB (V and S) Dataset/V-Dataset/V-Vta5.csv,False,1
2c6b7e53f2faa0d1c5cbe25d47a3293a878504f12226b0ea77b873807d827172,2,Unsynchronised V and S Dataset/Categorised IOVNB (V) Dataset/V Dataset/Vta (Driver E)/Vta03/V-Vta3.csv,True,0
2c6b7e53f2faa0d1c5cbe25d47a3293a878504f12226b0ea77b873807d827172,2,Unsynchronised V and S Dataset/Uncategorised IOVNB (V and S) Dataset/V-Dataset/V-Vta3.csv,False,1
2e086e38c5d1787fcb67500bf34e2097a4e6708ce9479018f00bdf5cb119552e,2,Unsynchronised V and S Dataset/Categorised IOVNB (V) Dataset/V Dataset/S (Driver A)/S1/V-S1.csv,True,0
2e086e38c5d1787fcb67500bf34e2097a4e6708ce9479018f00bdf5cb119552e,2,Unsynchronised V and S Dataset/Uncategorised IOVNB (V and S) Dataset/V-Dataset/V-S1.csv,False,1
2e6874fa703cb762c70a792d9490d6454e7050b7f55c89c354ad3deda9137b34,2,Unsynchronised V and S Dataset/Categorised IOVNB (V) Dataset/V Dataset/Vw (Driver E)/Vw14b/V-Vw14b.csv,True,0
2e6874fa703cb762c70a792d9490d6454e7050b7f55c89c354ad3deda9137b34,2,Unsynchronised V and S Dataset/Uncategorised IOVNB (V and S) Dataset/V-Dataset/V-Vw14b.csv,False,1
30bece8d988e898902ad4e77d090ea33c80486222293104f78d42bd8611e03fa,2,Synchronised V abd S datasets/Categorised IOVNB Dataset/Vta (Driver E)/Vta28/S-Vta28.csv,True,0
30bece8d988e898902ad4e77d090ea33c80486222293104f78d42bd8611e03fa,2,Unsynchronised V and S Dataset/Uncategorised IOVNB (V and S) Dataset/S-Dataset/S-Vta28.csv,False,1
313565b6b7a44f7e80939527063b87519c0f5bc1937fa84683585e4287076100,2,Synchronised V abd S datasets/Categorised IOVNB Dataset/Vta (Driver E)/Vta15/V-vta15.csv,True,0
313565b6b7a44f7e80939527063b87519c0f5bc1937fa84683585e4287076100,2,Synchronised V abd S datasets/Uncategorised IOVNB Dataset/V-Dataset/V-vta15.csv,False,1
316f79fa86937f147795c702bea668d605e188c7d6f0f399c445ef12e37f964e,2,Unsynchronised V and S Dataset/Categorised IOVNB (V) Dataset/V Dataset/Vta (Driver E)/Vta08/V-Vta8.csv,True,0
316f79fa86937f147795c702bea668d605e188c7d6f0f399c445ef12e37f964e,2,Unsynchronised V and S Dataset/Uncategorised IOVNB (V and S) Dataset/V-Dataset/V-Vta8.csv,False,1
31be17ec68f9a1adda4657812effda6203fa058bd043dd76b19639ce98febe6b,2,Unsynchronised V and S Dataset/Categorised IOVNB (V) Dataset/V Dataset/Vtb (Driver E)/Vtb08/V-Vtb8.csv,True,0
31be17ec68f9a1adda4657812effda6203fa058bd043dd76b19639ce98febe6b,2,Unsynchronised V and S Dataset/Uncategorised IOVNB (V and S) Dataset/V-Dataset/V-Vtb8.csv,False,1
35b4e74bd1597d9f82895c3451dbe71a2d4084a3718cbdf8ea7fbb04f206db94,2,Synchronised V abd S datasets/Categorised IOVNB Dataset/Vta (Driver E)/Vta01b/V-Vta1b.csv,True,0
35b4e74bd1597d9f82895c3451dbe71a2d4084a3718cbdf8ea7fbb04f206db94,2,Synchronised V abd S datasets/Uncategorised IOVNB Dataset/V-Dataset/V-Vta1b.csv,False,1
38a385d3fe81076bd82ef911f674ec34bc8954159397361614db1386f2abfdee,2,Unsynchronised V and S Dataset/Categorised IOVNB (V) Dataset/V Dataset/Vf (Driver E)/V-Vfb01a/V-Vfb01a.csv,True,0
38a385d3fe81076bd82ef911f674ec34bc8954159397361614db1386f2abfdee,2,Unsynchronised V and S Dataset/Uncategorised IOVNB (V and S) Dataset/V-Dataset/V-Vfb01a.csv,False,1
398df644de6920ef827742a99166cf05c5728f4dddf1379b993123c62419677b,2,Synchronised V abd S datasets/Categorised IOVNB Dataset/Vta (Driver E)/Vta13/V-vta13.csv,True,0
398df644de6920ef827742a99166cf05c5728f4dddf1379b993123c62419677b,2,Synchronised V abd S datasets/Uncategorised IOVNB Dataset/V-Dataset/V-vta13.csv,False,1
3ba9d21d1532b4e15dc41ed9e4baa996e1ccf7b447f2fc41ee44564a5dd1f5ef,2,Synchronised V abd S datasets/Categorised IOVNB Dataset/Vw (Driver E)/Vw07/V-Vw7.csv,True,0
3ba9d21d1532b4e15dc41ed9e4baa996e1ccf7b447f2fc41ee44564a5dd1f5ef,2,Synchronised V abd S datasets/Uncategorised IOVNB Dataset/V-Dataset/V-Vw7.csv,False,1
3f55326e614a377761a52e9ef1bc09e23653f0d37029679f4c171cacf364cfa3,2,Synchronised V abd S datasets/Categorised IOVNB Dataset/Vtb (Driver E)/Vtb06/V-vtb6.csv,True,0
3f55326e614a377761a52e9ef1bc09e23653f0d37029679f4c171cacf364cfa3,2,Synchronised V abd S datasets/Uncategorised IOVNB Dataset/V-Dataset/V-vtb6.csv,False,1
40d96f99b100518c0f2dbe6bf9dbfc94b89e25c865b3d1e6b795d132127d917c,2,Synchronised V abd S datasets/Categorised IOVNB Dataset/Vw (Driver E)/Vw09/S-Vw9.csv,True,0
40d96f99b100518c0f2dbe6bf9dbfc94b89e25c865b3d1e6b795d132127d917c,2,Unsynchronised V and S Dataset/Uncategorised IOVNB (V and S) Dataset/S-Dataset/S-Vw9.csv,False,1
41fb71ae3223748b2c0513d5b58338f92f25c85a5dd4e2816a932b263cf5f05b,2,Synchronised V abd S datasets/Categorised IOVNB Dataset/Vw (Driver E)/Vw01/S-Vw1.csv,True,0
41fb71ae3223748b2c0513d5b58338f92f25c85a5dd4e2816a932b263cf5f05b,2,Unsynchronised V and S Dataset/Uncategorised IOVNB (V and S) Dataset/S-Dataset/S-Vw1.csv,False,1
4241b50add001a19bab00fa0e165b88fd2280f74fcbae46539c6f8bcc893f79a,2,Synchronised V abd S datasets/Categorised IOVNB Dataset/Vta (Driver E)/Vta25/V-vta25.csv,True,0
4241b50add001a19bab00fa0e165b88fd2280f74fcbae46539c6f8bcc893f79a,2,Synchronised V abd S datasets/Uncategorised IOVNB Dataset/V-Dataset/V-vta25.csv,False,1
442bef4ccc4464f0a0a31a332ea9c71e5e14baf7b50080c647e6fa6f7ddb5dbf,2,Synchronised V abd S datasets/Categorised IOVNB Dataset/Vw (Driver E)/Vw14a/V-Vw14a.csv,True,0
442bef4ccc4464f0a0a31a332ea9c71e5e14baf7b50080c647e6fa6f7ddb5dbf,2,Synchronised V abd S datasets/Uncategorised IOVNB Dataset/V-Dataset/V-Vw14a.csv,False,1
4753710832962b5ce8452cf62e314f81744a51dfa166f57f4dd7f678d4a199e8,2,Synchronised V abd S datasets/Categorised IOVNB Dataset/Vtb (Driver E)/Vtb05/S-Vtb5.csv,True,0
4753710832962b5ce8452cf62e314f81744a51dfa166f57f4dd7f678d4a199e8,2,Unsynchronised V and S Dataset/Uncategorised IOVNB (V and S) Dataset/S-Dataset/S-Vtb5.csv,False,1
4778fd71aeb0165a77de1f0abb3a3ecad5b756993e5ec64a24fc025b02c315d2,2,Synchronised V abd S datasets/Categorised IOVNB Dataset/Vta (Driver E)/Vta28/V-vta28.csv,True,0
4778fd71aeb0165a77de1f0abb3a3ecad5b756993e5ec64a24fc025b02c315d2,2,Synchronised V abd S datasets/Uncategorised IOVNB Dataset/V-Dataset/V-vta28.csv,False,1
4857a85a1c6f13eb48f80fc695e1e339af90dff1cbf8accaa5da13dd63304a49,2,Unsynchronised V and S Dataset/Categorised IOVNB (V) Dataset/V Dataset/Vta (Driver E)/Vta01a/V-Vta1a.csv,True,0
4857a85a1c6f13eb48f80fc695e1e339af90dff1cbf8accaa5da13dd63304a49,2,Unsynchronised V and S Dataset/Uncategorised IOVNB (V and S) Dataset/V-Dataset/V-Vta1a.csv,False,1
49535f49178bb6c542a62fe57747adc19164fbf3a4a7b0afee19d5cc2bee6894,2,Synchronised V abd S datasets/Categorised IOVNB Dataset/Vta (Driver E)/Vta14/S-Vta14.csv,True,0
49535f49178bb6c542a62fe57747adc19164fbf3a4a7b0afee19d5cc2bee6894,2,Unsynchronised V and S Dataset/Uncategorised IOVNB (V and S) Dataset/S-Dataset/S-Vta14.csv,False,1
4a194e6885091663a1df0f3572f8f42118bca278e39680912ce1aa3d4995ee83,2,Synchronised V abd S datasets/Categorised IOVNB Dataset/Vtb (Driver E)/Vtb02/V-vtb2.csv,True,0
4a194e6885091663a1df0f3572f8f42118bca278e39680912ce1aa3d4995ee83,2,Synchronised V abd S datasets/Uncategorised IOVNB Dataset/V-Dataset/V-vtb2.csv,False,1
4f662af06a2ab067efc4741a2b39f478f59e802f763b7bce5d376f420d9de63b,2,Synchronised V abd S datasets/Categorised IOVNB Dataset/Vta (Driver E)/Vta09/V-vta9.csv,True,0
4f662af06a2ab067efc4741a2b39f478f59e802f763b7bce5d376f420d9de63b,2,Synchronised V abd S datasets/Uncategorised IOVNB Dataset/V-Dataset/V-vta9.csv,False,1
505749fb081d5a2b0d5e8eeee5865173071feda5a004ffff044560c0a1e16605,2,Synchronised V abd S datasets/Categorised IOVNB Dataset/Y (Driver D)/Y1/V-Y1.csv,True,0
505749fb081d5a2b0d5e8eeee5865173071feda5a004ffff044560c0a1e16605,2,Synchronised V abd S datasets/Uncategorised IOVNB Dataset/V-Dataset/V-Y1.csv,False,1
50cc9f72afb63f25ed42b2d2bf5b09e48ec768750603c7d078b9c9bfa272ae30,2,Unsynchronised V and S Dataset/Categorised IOVNB (V) Dataset/V Dataset/Vf (Driver E)/V-Vfb02b/V-Vfb02b.csv,True,0
50cc9f72afb63f25ed42b2d2bf5b09e48ec768750603c7d078b9c9bfa272ae30,2,Unsynchronised V and S Dataset/Uncategorised IOVNB (V and S) Dataset/V-Dataset/V-Vfb02b.csv,False,1
51dd189b27452c83f76b58e751a510cbc5d9b4e1d300396274f2efb8bd450232,2,Unsynchronised V and S Dataset/Categorised IOVNB (V) Dataset/V Dataset/Vf (Driver E)/V-Vfb02d/V-Vfb02d.csv,True,0
51dd189b27452c83f76b58e751a510cbc5d9b4e1d300396274f2efb8bd450232,2,Unsynchronised V and S Dataset/Uncategorised IOVNB (V and S) Dataset/V-Dataset/V-Vfb02d.csv,False,1
51f89a408dec57e46d4d6ea80454e7974c38cb59d90f2a8a109899e88197ed41,2,Unsynchronised V and S Dataset/Categorised IOVNB (V) Dataset/V Dataset/Vta (Driver E)/Vta24/V-Vta24.csv,True,0
51f89a408dec57e46d4d6ea80454e7974c38cb59d90f2a8a109899e88197ed41,2,Unsynchronised V and S Dataset/Uncategorised IOVNB (V and S) Dataset/V-Dataset/V-Vta24.csv,False,1
528a947acd6738f3330989e7335ace72f817ac2b6b546938f8fa3d7927cb7210,2,Unsynchronised V and S Dataset/Categorised IOVNB (V) Dataset/V Dataset/Vw (Driver E)/Vw12/V-Vw12.csv,True,0
528a947acd6738f3330989e7335ace72f817ac2b6b546938f8fa3d7927cb7210,2,Unsynchronised V and S Dataset/Uncategorised IOVNB (V and S) Dataset/V-Dataset/V-Vw12.csv,False,1
5430fd60efdb7a85fc42837e647f245a860d996c86cc73634fd7d2ab3175c5a1,2,Unsynchronised V and S Dataset/Categorised IOVNB (V) Dataset/V Dataset/Vf (Driver E)/V-Vfb02f/V-Vfb02f.csv,True,0
5430fd60efdb7a85fc42837e647f245a860d996c86cc73634fd7d2ab3175c5a1,2,Unsynchronised V and S Dataset/Uncategorised IOVNB (V and S) Dataset/V-Dataset/V-Vfb02f.csv,False,1
5b0fe6e9f967fe9e9615defbf3674f9e8843747b6658867e8fee452e17a58d88,2,Synchronised V abd S datasets/Categorised IOVNB Dataset/Vtb (Driver E)/Vtb10/V-vtb10.csv,True,0
5b0fe6e9f967fe9e9615defbf3674f9e8843747b6658867e8fee452e17a58d88,2,Synchronised V abd S datasets/Uncategorised IOVNB Dataset/V-Dataset/V-vtb10.csv,False,1
5d9f5a8f99d21cff2f3d85ee4faec473b74c28be2c3dfc0ff1976375fc84501a,2,Unsynchronised V and S Dataset/Categorised IOVNB (V) Dataset/V Dataset/Vta (Driver E)/Vta13/V-Vta13.csv,True,0
5d9f5a8f99d21cff2f3d85ee4faec473b74c28be2c3dfc0ff1976375fc84501a,2,Unsynchronised V and S Dataset/Uncategorised IOVNB (V and S) Dataset/V-Dataset/V-Vta13.csv,False,1
5e50658cbdd33fc9dfc0dd462a68996ab31cd6b584b67e6713d4f3d3bf04d455,2,Synchronised V abd S datasets/Categorised IOVNB Dataset/Vw (Driver E)/Vw11/V-Vw11.csv,True,0
5e50658cbdd33fc9dfc0dd462a68996ab31cd6b584b67e6713d4f3d3bf04d455,2,Synchronised V abd S datasets/Uncategorised IOVNB Dataset/V-Dataset/V-Vw11.csv,False,1
5f13f8ede6117bb26ea26f977f19282415dc4064368b6ad3a502c8d3c1150b3f,2,Synchronised V abd S datasets/Categorised IOVNB Dataset/Vw (Driver E)/Vw14b/S-Vw14b.csv,True,0
5f13f8ede6117bb26ea26f977f19282415dc4064368b6ad3a502c8d3c1150b3f,2,Unsynchronised V and S Dataset/Uncategorised IOVNB (V and S) Dataset/S-Dataset/S-Vw14b.csv,False,1
62ab9ddd16621eb70afaeec7237ae7b31499ae5df9e9d57324fc07fe648a48ee,2,Synchronised V abd S datasets/Categorised IOVNB Dataset/Vw (Driver E)/Vw17/V-Vw17.csv,True,0
62ab9ddd16621eb70afaeec7237ae7b31499ae5df9e9d57324fc07fe648a48ee,2,Synchronised V abd S datasets/Uncategorised IOVNB Dataset/V-Dataset/V-Vw17.csv,False,1
6552ab344fe50a0163f980f3d852fef80ac8520530985902206eb7d15b44cfb1,2,Synchronised V abd S datasets/Categorised IOVNB Dataset/Vtb (Driver E)/Vtb02/S-Vtb2.csv,True,0
6552ab344fe50a0163f980f3d852fef80ac8520530985902206eb7d15b44cfb1,2,Unsynchronised V and S Dataset/Uncategorised IOVNB (V and S) Dataset/S-Dataset/S-Vtb2.csv,False,1
6819d97f1291b377496982e51f5ba2178a083edaf8664b9258ead5e1151d33a2,2,Synchronised V abd S datasets/Categorised IOVNB Dataset/Vta (Driver E)/Vta05/V-vta5.csv,True,0
6819d97f1291b377496982e51f5ba2178a083edaf8664b9258ead5e1151d33a2,2,Synchronised V abd S datasets/Uncategorised IOVNB Dataset/V-Dataset/V-vta5.csv,False,1
681a39826d9a127c53c6df4b9c8729f772d283b34229a12a6db335ca3a9a9920,2,Unsynchronised V and S Dataset/Categorised IOVNB (V) Dataset/V Dataset/Vw (Driver E)/Vw13/V-Vw13.csv,True,0
681a39826d9a127c53c6df4b9c8729f772d283b34229a12a6db335ca3a9a9920,2,Unsynchronised V and S Dataset/Uncategorised IOVNB (V and S) Dataset/V-Dataset/V-Vw13.csv,False,1
690ccc6eb832fe061ce33465a828966b96edc5e739a431f208616886614da738,2,Unsynchronised V and S Dataset/Categorised IOVNB (V) Dataset/V Dataset/Vw (Driver E)/Vw07/V-Vw7.csv,True,0
690ccc6eb832fe061ce33465a828966b96edc5e739a431f208616886614da738,2,Unsynchronised V and S Dataset/Uncategorised IOVNB (V and S) Dataset/V-Dataset/V-Vw7.csv,False,1
695cf51819c0f0f8b7894df11af667ab2e819bfff991330ceb8d4a3492a22428,2,Synchronised V abd S datasets/Categorised IOVNB Dataset/Vta (Driver E)/Vta19/S-Vta19.csv,True,0
695cf51819c0f0f8b7894df11af667ab2e819bfff991330ceb8d4a3492a22428,2,Unsynchronised V and S Dataset/Uncategorised IOVNB (V and S) Dataset/S-Dataset/S-Vta19.csv,False,1
6aeca8956af02a64051042fa4b807e858691ea36b0c5a6642f78a33d5af113db,2,Synchronised V abd S datasets/Categorised IOVNB Dataset/Vw (Driver E)/Vw02/V-Vw2.csv,True,0
6aeca8956af02a64051042fa4b807e858691ea36b0c5a6642f78a33d5af113db,2,Synchronised V abd S datasets/Uncategorised IOVNB Dataset/V-Dataset/V-Vw2.csv,False,1
6c6fbb29e6400817be84ecf2370d98025cfff9debf2f2e73c3ddaa3a9560dd1d,2,Synchronised V abd S datasets/Categorised IOVNB Dataset/Vta (Driver E)/Vta29/V-vta29.csv,True,0
6c6fbb29e6400817be84ecf2370d98025cfff9debf2f2e73c3ddaa3a9560dd1d,2,Synchronised V abd S datasets/Uncategorised IOVNB Dataset/V-Dataset/V-vta29.csv,False,1
6f9911ce3037bf56e8c56b52dd5a87aa70088fe645daed359a5e69578a319834,2,Synchronised V abd S datasets/Categorised IOVNB Dataset/Vta (Driver E)/Vta10/V-vta10.csv,True,0
6f9911ce3037bf56e8c56b52dd5a87aa70088fe645daed359a5e69578a319834,2,Synchronised V abd S datasets/Uncategorised IOVNB Dataset/V-Dataset/V-vta10.csv,False,1
6fa0f3d88a6c7c80cf7adf82b9e969d2de489e799b4f9a604758c8ce479ce7a3,2,Synchronised V abd S datasets/Categorised IOVNB Dataset/Vw (Driver E)/Vw03/S-Vw3.csv,True,0
6fa0f3d88a6c7c80cf7adf82b9e969d2de489e799b4f9a604758c8ce479ce7a3,2,Unsynchronised V and S Dataset/Uncategorised IOVNB (V and S) Dataset/S-Dataset/S-Vw3.csv,False,1
71acb4e5c50919df05f1f56a0192d392793e9b10e66bbf6a101b6314ee398c33,2,Synchronised V abd S datasets/Categorised IOVNB Dataset/Vta (Driver E)/Vta04/V-vta4.csv,True,0
71acb4e5c50919df05f1f56a0192d392793e9b10e66bbf6a101b6314ee398c33,2,Synchronised V abd S datasets/Uncategorised IOVNB Dataset/V-Dataset/V-vta4.csv,False,1
728629ca2a30457e7909e79c6a50040a1337274b7ada2003b2863e62a40c547a,2,Synchronised V abd S datasets/Categorised IOVNB Dataset/Vta (Driver E)/Vta06/V-vta6.csv,True,0
728629ca2a30457e7909e79c6a50040a1337274b7ada2003b2863e62a40c547a,2,Synchronised V abd S datasets/Uncategorised IOVNB Dataset/V-Dataset/V-vta6.csv,False,1
75149cbe1a9e953612c634d2b51972d905b019ea07955b5b50307469812902d6,2,Unsynchronised V and S Dataset/Categorised IOVNB (V) Dataset/V Dataset/Vw (Driver E)/Vw17/V-Vw17.csv,True,0
75149cbe1a9e953612c634d2b51972d905b019ea07955b5b50307469812902d6,2,Unsynchronised V and S Dataset/Uncategorised IOVNB (V and S) Dataset/V-Dataset/V-Vw17.csv,False,1
766e63d6975426dcee66bb9b100daf6291240da1d65b4b1db851d4fd40e334c7,2,Synchronised V abd S datasets/Categorised IOVNB Dataset/Vta (Driver E)/Vta27/V-vta27.csv,True,0
766e63d6975426dcee66bb9b100daf6291240da1d65b4b1db851d4fd40e334c7,2,Synchronised V abd S datasets/Uncategorised IOVNB Dataset/V-Dataset/V-vta27.csv,False,1
7916a97a4b23780647c96200533f3a1c6866e6e224ac040b603abd14b48b15de,2,Unsynchronised V and S Dataset/Categorised IOVNB (V) Dataset/V Dataset/Vw (Driver E)/Vw02/V-Vw2.csv,True,0
7916a97a4b23780647c96200533f3a1c6866e6e224ac040b603abd14b48b15de,2,Unsynchronised V and S Dataset/Uncategorised IOVNB (V and S) Dataset/V-Dataset/V-Vw2.csv,False,1
7bb966aa72278f3c8fbf39510fa53fce1daccbf465e8153adb6f4d520c1bf2be,2,Unsynchronised V and S Dataset/Categorised IOVNB (V) Dataset/V Dataset/Vta (Driver E)/Vta02/V-Vta2.csv,True,0
7bb966aa72278f3c8fbf39510fa53fce1daccbf465e8153adb6f4d520c1bf2be,2,Unsynchronised V and S Dataset/Uncategorised IOVNB (V and S) Dataset/V-Dataset/V-Vta2.csv,False,1
7bdca3360c9411c58fdc41e4366fc79f336b087fd89c6d295976504c5e559e64,2,Synchronised V abd S datasets/Categorised IOVNB Dataset/Vtb (Driver E)/Vtb01/S-Vtb1.csv,True,0
7bdca3360c9411c58fdc41e4366fc79f336b087fd89c6d295976504c5e559e64,2,Unsynchronised V and S Dataset/Uncategorised IOVNB (V and S) Dataset/S-Dataset/S-Vtb1.csv,False,1
7c5479fc893131a8c4d75daf73c3b5ae25512a1e194a6ced50fa24633de0f215,2,Synchronised V abd S datasets/Categorised IOVNB Dataset/Vta (Driver E)/Vta03/S-Vta3.csv,True,0
7c5479fc893131a8c4d75daf73c3b5ae25512a1e194a6ced50fa24633de0f215,2,Unsynchronised V and S Dataset/Uncategorised IOVNB (V and S) Dataset/S-Dataset/S-Vta3.csv,False,1
7cadb0617ec69513de0ee718c707acc72cdb76261ec0ab33e629d8354cbaf883,2,Synchronised V abd S datasets/Categorised IOVNB Dataset/Vtb (Driver E)/Vtb03/S-Vtb3.csv,True,0
7cadb0617ec69513de0ee718c707acc72cdb76261ec0ab33e629d8354cbaf883,2,Unsynchronised V and S Dataset/Uncategorised IOVNB (V and S) Dataset/S-Dataset/S-Vtb3.csv,False,1
7e2e52e2b9b568ea3e1c463c7ec77e5fd56b371f3149ff3149d00482a8ca8de9,2,Unsynchronised V and S Dataset/Categorised IOVNB (V) Dataset/V Dataset/Vta (Driver E)/Vta22/V-Vta22.csv,True,0
7e2e52e2b9b568ea3e1c463c7ec77e5fd56b371f3149ff3149d00482a8ca8de9,2,Unsynchronised V and S Dataset/Uncategorised IOVNB (V and S) Dataset/V-Dataset/V-Vta22.csv,False,1
7e440cc28168a538f694c07d24b374c75af7cce13cb108e342f5eb2ef5633728,2,Synchronised V abd S datasets/Categorised IOVNB Dataset/Vw (Driver E)/Vw15/S-Vw15.csv,True,0
7e440cc28168a538f694c07d24b374c75af7cce13cb108e342f5eb2ef5633728,2,Unsynchronised V and S Dataset/Uncategorised IOVNB (V and S) Dataset/S-Dataset/S-Vw15.csv,False,1
7f46f770cd49c85185446420bc10db9e7a9ffe4aa190e3b1cc1111220eab04b2,2,Synchronised V abd S datasets/Categorised IOVNB Dataset/Vf (Driver E)/V-Vfa01/S-Vfa01.csv,True,0
7f46f770cd49c85185446420bc10db9e7a9ffe4aa190e3b1cc1111220eab04b2,2,Unsynchronised V and S Dataset/Uncategorised IOVNB (V and S) Dataset/S-Dataset/S-Vfa01.csv,False,1
817fd5f786beebb804b39e00c0da1a541e37074b7dcb843fdb43ea94dbefa190,2,Synchronised V abd S datasets/Categorised IOVNB Dataset/Vw (Driver E)/Vw16b/S-Vw16b.csv,True,0
817fd5f786beebb804b39e00c0da1a541e37074b7dcb843fdb43ea94dbefa190,2,Unsynchronised V and S Dataset/Uncategorised IOVNB (V and S) Dataset/S-Dataset/S-Vw16b.csv,False,1
81ad22765340419e1ea88e69e2a92dc38c260f244c5aeb951c88fb668908ad37,4,Synchronised V abd S datasets/Categorised IOVNB Dataset/Vf (Driver E)/V-Vfa01/V-Vfa01.csv,True,0
81ad22765340419e1ea88e69e2a92dc38c260f244c5aeb951c88fb668908ad37,4,Synchronised V abd S datasets/Uncategorised IOVNB Dataset/V-Dataset/V-Vfa01.csv,False,1
81ad22765340419e1ea88e69e2a92dc38c260f244c5aeb951c88fb668908ad37,4,Unsynchronised V and S Dataset/Categorised IOVNB (V) Dataset/V Dataset/Vf (Driver E)/V-Vfa01/V-Vfa01.csv,False,2
81ad22765340419e1ea88e69e2a92dc38c260f244c5aeb951c88fb668908ad37,4,Unsynchronised V and S Dataset/Uncategorised IOVNB (V and S) Dataset/V-Dataset/V-Vfa01.csv,False,3
82687cefc4799459174ad6f7411fdea28250146d29144ed210c4188aad0999f4,2,Synchronised V abd S datasets/Categorised IOVNB Dataset/Vta (Driver E)/Vta21/V-vta21.csv,True,0
82687cefc4799459174ad6f7411fdea28250146d29144ed210c4188aad0999f4,2,Synchronised V abd S datasets/Uncategorised IOVNB Dataset/V-Dataset/V-vta21.csv,False,1
82c7e730c3aefbc0bbdc6fc9b9d3d6c20071e392bbdf34b78736f54e99632260,2,Synchronised V abd S datasets/Categorised IOVNB Dataset/Vta (Driver E)/Vta20/S-Vta20.csv,True,0
82c7e730c3aefbc0bbdc6fc9b9d3d6c20071e392bbdf34b78736f54e99632260,2,Unsynchronised V and S Dataset/Uncategorised IOVNB (V and S) Dataset/S-Dataset/S-Vta20.csv,False,1
8a83103ce0f0b03ffc5adc772193c6738d1df3ac8f0fb4bab055597ac5bcd2c2,2,Synchronised V abd S datasets/Categorised IOVNB Dataset/S (Driver A)/S4/V-S4.csv,True,0
8a83103ce0f0b03ffc5adc772193c6738d1df3ac8f0fb4bab055597ac5bcd2c2,2,Synchronised V abd S datasets/Uncategorised IOVNB Dataset/V-Dataset/V-S4.csv,False,1
8ab039c67c83f62ed1abad0e74c1a92886584e16a67951771fcf9d55cf3d999a,2,Synchronised V abd S datasets/Categorised IOVNB Dataset/Vtb (Driver E)/Vtb01/V-vtb1.csv,True,0
8ab039c67c83f62ed1abad0e74c1a92886584e16a67951771fcf9d55cf3d999a,2,Synchronised V abd S datasets/Uncategorised IOVNB Dataset/V-Dataset/V-vtb1.csv,False,1
8ab4e1f0373173eb17f93426a6a2de2c1f01080fbc915c56443308256da28baa,2,Synchronised V abd S datasets/Categorised IOVNB Dataset/Vtb (Driver E)/Vtb06/S-Vtb6.csv,True,0
8ab4e1f0373173eb17f93426a6a2de2c1f01080fbc915c56443308256da28baa,2,Unsynchronised V and S Dataset/Uncategorised IOVNB (V and S) Dataset/S-Dataset/S-Vtb6.csv,False,1
8b3508e408d88064cea06fe861879d79c92e368abf43706b87b7cce9ace42d8d,2,Synchronised V abd S datasets/Categorised IOVNB Dataset/Vta (Driver E)/Vta23/V-vta23.csv,True,0
8b3508e408d88064cea06fe861879d79c92e368abf43706b87b7cce9ace42d8d,2,Synchronised V abd S datasets/Uncategorised IOVNB Dataset/V-Dataset/V-vta23.csv,False,1
8b4da8dba6ac4e043429be4c1ca9b57da87a880ea19b59044413594a43d1a942,3,Unsynchronised V and S Dataset/Categorised IOVNB (V) Dataset/V Dataset/Vw (Driver E)/Vw10/V-Vw10.csv,True,0
8b4da8dba6ac4e043429be4c1ca9b57da87a880ea19b59044413594a43d1a942,3,Unsynchronised V and S Dataset/Categorised IOVNB (V) Dataset/V Dataset/Vw (Driver E)/Vw11/V-Vw10.csv,False,1
8b4da8dba6ac4e043429be4c1ca9b57da87a880ea19b59044413594a43d1a942,3,Unsynchronised V and S Dataset/Uncategorised IOVNB (V and S) Dataset/V-Dataset/V-Vw10.csv,False,2
8bea1d9748bc5e3237c1aa512692f79ba4e5eb52b1defe1f88b13bf851886538,2,Unsynchronised V and S Dataset/Categorised IOVNB (V) Dataset/V Dataset/S (Driver A)/S4/V-S4.csv,True,0
8bea1d9748bc5e3237c1aa512692f79ba4e5eb52b1defe1f88b13bf851886538,2,Unsynchronised V and S Dataset/Uncategorised IOVNB (V and S) Dataset/V-Dataset/V-S4.csv,False,1
8d1849f9a61a7612e70c4326d747ddd4a6c41a33ad812eb68e42f8d6b2934e6d,2,Unsynchronised V and S Dataset/Categorised IOVNB (V) Dataset/V Dataset/St (Driver C)/St4/V-St4.csv,True,0
8d1849f9a61a7612e70c4326d747ddd4a6c41a33ad812eb68e42f8d6b2934e6d,2,Unsynchronised V and S Dataset/Uncategorised IOVNB (V and S) Dataset/V-Dataset/V-St4.csv,False,1
8dbdb8d7c3c0790c66dc33bfffd3eb98d59010f849ef15bdf7097b67f23b8733,2,Synchronised V abd S datasets/Categorised IOVNB Dataset/Vw (Driver E)/Vw13/S-Vw13.csv,True,0
8dbdb8d7c3c0790c66dc33bfffd3eb98d59010f849ef15bdf7097b67f23b8733,2,Unsynchronised V and S Dataset/Uncategorised IOVNB (V and S) Dataset/S-Dataset/S-Vw13.csv,False,1
8de195165a29ddea5f138d704fb3107405d823c32e54b8d49009b120ba4894aa,2,Unsynchronised V and S Dataset/Categorised IOVNB (V) Dataset/V Dataset/Vta (Driver E)/Vta16/V-Vta16.csv,True,0
8de195165a29ddea5f138d704fb3107405d823c32e54b8d49009b120ba4894aa,2,Unsynchronised V and S Dataset/Uncategorised IOVNB (V and S) Dataset/V-Dataset/V-Vta16.csv,False,1
8f48d68ef4ab225c8381af6fb8ec0f36fe6f6048977eeebecc74cfec50d13cb8,2,Synchronised V abd S datasets/Categorised IOVNB Dataset/S (Driver A)/S2/S-S2.csv,True,0
8f48d68ef4ab225c8381af6fb8ec0f36fe6f6048977eeebecc74cfec50d13cb8,2,Unsynchronised V and S Dataset/Uncategorised IOVNB (V and S) Dataset/S-Dataset/S-S2.csv,False,1
9291970633a370e9f89e966b1790193f80ccce7b4c32a162ac2eed0a1a2b4a82,2,Synchronised V abd S datasets/Categorised IOVNB Dataset/Vta (Driver E)/Vta22/S-Vta22.csv,True,0
9291970633a370e9f89e966b1790193f80ccce7b4c32a162ac2eed0a1a2b4a82,2,Unsynchronised V and S Dataset/Uncategorised IOVNB (V and S) Dataset/S-Dataset/S-Vta22.csv,False,1
93cef7816fb58c250c87bfa3dc02bce8a3a3c211ba08ee72b4a9d4dddf00d481,2,Synchronised V abd S datasets/Categorised IOVNB Dataset/Vta (Driver E)/Vta08/V-vta8.csv,True,0
93cef7816fb58c250c87bfa3dc02bce8a3a3c211ba08ee72b4a9d4dddf00d481,2,Synchronised V abd S datasets/Uncategorised IOVNB Dataset/V-Dataset/V-vta8.csv,False,1
9404fbd7420b32f5ca6f369e8a1377bbf854b5b6e3ee38a137c67bf73db5d7f7,2,Synchronised V abd S datasets/Categorised IOVNB Dataset/Vta (Driver E)/Vta15/S-Vta15.csv,True,0
9404fbd7420b32f5ca6f369e8a1377bbf854b5b6e3ee38a137c67bf73db5d7f7,2,Unsynchronised V and S Dataset/Uncategorised IOVNB (V and S) Dataset/S-Dataset/S-Vta15.csv,False,1
9522a6f43094ef5de4cfad4bb48a7805c8f470eee3b481564f5cacef28e2afec,2,Synchronised V abd S datasets/Categorised IOVNB Dataset/Vta (Driver E)/Vta01a/V-Vta1a.csv,True,0
9522a6f43094ef5de4cfad4bb48a7805c8f470eee3b481564f5cacef28e2afec,2,Synchronised V abd S datasets/Uncategorised IOVNB Dataset/V-Dataset/V-Vta1a.csv,False,1
953176680614bf889a938ee4cc940227d820206a2f58942f8a5ff74ada4e7b2f,2,Synchronised V abd S datasets/Categorised IOVNB Dataset/Vw (Driver E)/Vw07/S-Vw7.csv,True,0
953176680614bf889a938ee4cc940227d820206a2f58942f8a5ff74ada4e7b2f,2,Unsynchronised V and S Dataset/Uncategorised IOVNB (V and S) Dataset/S-Dataset/S-Vw7.csv,False,1
9543a52492106a1ee4ad815f5a2f183e2f7142979f4edb2ae34755d0c4b3a087,2,Synchronised V abd S datasets/Categorised IOVNB Dataset/Vw (Driver E)/Vw06/S-Vw6.csv,True,0
9543a52492106a1ee4ad815f5a2f183e2f7142979f4edb2ae34755d0c4b3a087,2,Unsynchronised V and S Dataset/Uncategorised IOVNB (V and S) Dataset/S-Dataset/S-Vw6.csv,False,1
9607f8bbfcb7e92021b113e0971be3f8fec50267d9a4abae875d1062ab10d6d6,2,Synchronised V abd S datasets/Categorised IOVNB Dataset/Vta (Driver E)/Vta27/S-Vta27.csv,True,0
9607f8bbfcb7e92021b113e0971be3f8fec50267d9a4abae875d1062ab10d6d6,2,Unsynchronised V and S Dataset/Uncategorised IOVNB (V and S) Dataset/S-Dataset/S-Vta27.csv,False,1
97ef388d6e5cc3ce17ae3d56d69c77052e5d51a6234176eb95a5e4de6cec7fe5,2,Synchronised V abd S datasets/Categorised IOVNB Dataset/Vta (Driver E)/Vta02/S-Vta2.csv,True,0
97ef388d6e5cc3ce17ae3d56d69c77052e5d51a6234176eb95a5e4de6cec7fe5,2,Unsynchronised V and S Dataset/Uncategorised IOVNB (V and S) Dataset/S-Dataset/S-Vta2.csv,False,1
9a4ff741b9581eb24797aff592479f3ce821f1272c91e7e23a30c8cb81d1e918,2,Unsynchronised V and S Dataset/Categorised IOVNB (V) Dataset/V Dataset/S (Driver A)/S3c/V-S3c.csv,True,0
9a4ff741b9581eb24797aff592479f3ce821f1272c91e7e23a30c8cb81d1e918,2,Unsynchronised V and S Dataset/Uncategorised IOVNB (V and S) Dataset/V-Dataset/V-S3c.csv,False,1
9d7f2694d9311d71e9d6258ca29dcbd75ad4e7f8077662619c72a50d33c67892,2,Unsynchronised V and S Dataset/Categorised IOVNB (V) Dataset/V Dataset/Vtb (Driver E)/Vtb05/V-Vtb5.csv,True,0
9d7f2694d9311d71e9d6258ca29dcbd75ad4e7f8077662619c72a50d33c67892,2,Unsynchronised V and S Dataset/Uncategorised IOVNB (V and S) Dataset/V-Dataset/V-Vtb5.csv,False,1
9dc5cfe05e00e91feb1f6bf45e19e2c152567776bc6507bfaf037ffa63cd8662,2,Synchronised V abd S datasets/Categorised IOVNB Dataset/Vta (Driver E)/Vta12/S-Vta12.csv,True,0
9dc5cfe05e00e91feb1f6bf45e19e2c152567776bc6507bfaf037ffa63cd8662,2,Unsynchronised V and S Dataset/Uncategorised IOVNB (V and S) Dataset/S-Dataset/S-Vta12.csv,False,1
9f390441ed26e49d93ca33acb873026c5e132042f52e2eab57579f8bead333f7,2,Unsynchronised V and S Dataset/Categorised IOVNB (V) Dataset/V Dataset/Vtb (Driver E)/Vtb13/V-Vtb13.csv,True,0
9f390441ed26e49d93ca33acb873026c5e132042f52e2eab57579f8bead333f7,2,Unsynchronised V and S Dataset/Uncategorised IOVNB (V and S) Dataset/V-Dataset/V-Vtb13.csv,False,1
9ff0c54126af8ccb8bd2707f2cb01505b87d823b74898a55999c312ae3ac69a1,2,Synchronised V abd S datasets/Categorised IOVNB Dataset/Vta (Driver E)/Vta25/S-Vta25.csv,True,0
9ff0c54126af8ccb8bd2707f2cb01505b87d823b74898a55999c312ae3ac69a1,2,Unsynchronised V and S Dataset/Uncategorised IOVNB (V and S) Dataset/S-Dataset/S-Vta25.csv,False,1
a02be7752e5d606c88dfa5a875f5a02684f06d68fa97f25112ad975aa0621448,2,Unsynchronised V and S Dataset/Categorised IOVNB (V) Dataset/V Dataset/Vta (Driver E)/Vta25/V-Vta25.csv,True,0
a02be7752e5d606c88dfa5a875f5a02684f06d68fa97f25112ad975aa0621448,2,Unsynchronised V and S Dataset/Uncategorised IOVNB (V and S) Dataset/V-Dataset/V-Vta25.csv,False,1
a1769fa8c7cf3ca863e806973e124d867bd6dd1e9c14b3e752ff52031da1d295,2,Unsynchronised V and S Dataset/Categorised IOVNB (V) Dataset/V Dataset/Vw (Driver E)/Vw01/V-Vw1.csv,True,0
a1769fa8c7cf3ca863e806973e124d867bd6dd1e9c14b3e752ff52031da1d295,2,Unsynchronised V and S Dataset/Uncategorised IOVNB (V and S) Dataset/V-Dataset/V-Vw1.csv,False,1
a18d901420f06dd598597716786334afd1648000037568c782429d973507028e,2,Unsynchronised V and S Dataset/Categorised IOVNB (V) Dataset/V Dataset/Vta (Driver E)/Vta11/V-Vta11.csv,True,0
a18d901420f06dd598597716786334afd1648000037568c782429d973507028e,2,Unsynchronised V and S Dataset/Uncategorised IOVNB (V and S) Dataset/V-Dataset/V-Vta11.csv,False,1
a1e027d958baca7a2a12cbf927f4998e26d635f3e1ad211bb13db7927b3e227c,2,Unsynchronised V and S Dataset/Categorised IOVNB (V) Dataset/V Dataset/St (Driver C)/St6/V-St6.csv,True,0
a1e027d958baca7a2a12cbf927f4998e26d635f3e1ad211bb13db7927b3e227c,2,Unsynchronised V and S Dataset/Uncategorised IOVNB (V and S) Dataset/V-Dataset/V-St6.csv,False,1
a2bb1e1eb28d111f84963240c54b790f32366f6c5b09dff1713770b52d3f5616,2,Synchronised V abd S datasets/Categorised IOVNB Dataset/S (Driver A)/S4/S-S4.csv,True,0
a2bb1e1eb28d111f84963240c54b790f32366f6c5b09dff1713770b52d3f5616,2,Unsynchronised V and S Dataset/Uncategorised IOVNB (V and S) Dataset/S-Dataset/S-S4.csv,False,1
a4aac15f70c4555ee69c2898b1254d25a815afa56cdb3e93f592819475272000,2,Synchronised V abd S datasets/Categorised IOVNB Dataset/Vtb (Driver E)/Vtb05/V-vtb5.csv,True,0
a4aac15f70c4555ee69c2898b1254d25a815afa56cdb3e93f592819475272000,2,Synchronised V abd S datasets/Uncategorised IOVNB Dataset/V-Dataset/V-vtb5.csv,False,1
a5d06dc8196ee06f0def86fd0803d1a06e3b8cd545a144baeb32988d4af22130,2,Unsynchronised V and S Dataset/Categorised IOVNB (V) Dataset/V Dataset/Vw (Driver E)/Vw04/V-Vw4.csv,True,0
a5d06dc8196ee06f0def86fd0803d1a06e3b8cd545a144baeb32988d4af22130,2,Unsynchronised V and S Dataset/Uncategorised IOVNB (V and S) Dataset/V-Dataset/V-Vw4.csv,False,1
a5e1f1e6afba77c64cc0a16f389d859f75ea22196cdfca82a523e148c0eafd93,2,Synchronised V abd S datasets/Categorised IOVNB Dataset/Vta (Driver E)/Vta20/V-vta20.csv,True,0
a5e1f1e6afba77c64cc0a16f389d859f75ea22196cdfca82a523e148c0eafd93,2,Synchronised V abd S datasets/Uncategorised IOVNB Dataset/V-Dataset/V-vta20.csv,False,1
a644af9c4f30e17743bbf4f0ee75652cb003ca4369dfa4f9f1452d1ca3ffe389,2,Unsynchronised V and S Dataset/Categorised IOVNB (V) Dataset/V Dataset/S (Driver A)/S3b/V-S3b.csv,True,0
a644af9c4f30e17743bbf4f0ee75652cb003ca4369dfa4f9f1452d1ca3ffe389,2,Unsynchronised V and S Dataset/Uncategorised IOVNB (V and S) Dataset/V-Dataset/V-S3b.csv,False,1
a9972e12e8ea995a1387b768f625d1cf85444916bff03d0b50d2b133ee97116f,2,Synchronised V abd S datasets/Categorised IOVNB Dataset/Vw (Driver E)/Vw05/V-Vw5.csv,True,0
a9972e12e8ea995a1387b768f625d1cf85444916bff03d0b50d2b133ee97116f,2,Synchronised V abd S datasets/Uncategorised IOVNB Dataset/V-Dataset/V-Vw5.csv,False,1
aa0e1facaeefa7b45a4288790314e55630dea68e34e62755a87865794f8a266c,2,Unsynchronised V and S Dataset/Categorised IOVNB (V) Dataset/V Dataset/Vw (Driver E)/Vw08/V-Vw8.csv,True,0
aa0e1facaeefa7b45a4288790314e55630dea68e34e62755a87865794f8a266c,2,Unsynchronised V and S Dataset/Uncategorised IOVNB (V and S) Dataset/V-Dataset/V-Vw8.csv,False,1
ab1e8b5802ea478eb6fee564ce4b9cca1363bacaec78a9472ba834a529f3d9a9,2,Unsynchronised V and S Dataset/Categorised IOVNB (V) Dataset/V Dataset/Vw (Driver E)/Vw16a/V-Vw16a.csv,True,0
ab1e8b5802ea478eb6fee564ce4b9cca1363bacaec78a9472ba834a529f3d9a9,2,Unsynchronised V and S Dataset/Uncategorised IOVNB (V and S) Dataset/V-Dataset/V-Vw16a.csv,False,1
ac664839bde2f1519a0a39acf261c819066cff48409cdf12cabe3c562b8bfa30,2,Unsynchronised V and S Dataset/Categorised IOVNB (V) Dataset/V Dataset/Vf (Driver E)/V-Vfb02a/V-Vfb02a.csv,True,0
ac664839bde2f1519a0a39acf261c819066cff48409cdf12cabe3c562b8bfa30,2,Unsynchronised V and S Dataset/Uncategorised IOVNB (V and S) Dataset/V-Dataset/V-Vfb02a.csv,False,1
aca49109fc93729d942d13e2008699ac4471fcffae38396127fffaecbe42d5d7,2,Synchronised V abd S datasets/Categorised IOVNB Dataset/Vta (Driver E)/Vta01b/S-Vta1b.csv,True,0
aca49109fc93729d942d13e2008699ac4471fcffae38396127fffaecbe42d5d7,2,Unsynchronised V and S Dataset/Uncategorised IOVNB (V and S) Dataset/S-Dataset/S-Vta1b.csv,False,1
acec110be8eb7ef43784d195d1bd55e44ac13833ab258b8d7ab696e18ac6b5bd,2,Synchronised V abd S datasets/Categorised IOVNB Dataset/Vw (Driver E)/Vw10/V-Vw10.csv,True,0
acec110be8eb7ef43784d195d1bd55e44ac13833ab258b8d7ab696e18ac6b5bd,2,Synchronised V abd S datasets/Uncategorised IOVNB Dataset/V-Dataset/V-Vw10.csv,False,1
ae6059b51b52fd216c38f4f9f26893207fec80e5a9c75991a51c709b1766f8ce,2,Synchronised V abd S datasets/Categorised IOVNB Dataset/Vta (Driver E)/Vta24/S-Vta24.csv,True,0
ae6059b51b52fd216c38f4f9f26893207fec80e5a9c75991a51c709b1766f8ce,2,Unsynchronised V and S Dataset/Uncategorised IOVNB (V and S) Dataset/S-Dataset/S-Vta24.csv,False,1
af147288035d510dc6b315959b7b36dc63d5b327d57c8a9578bc573c18734128,2,Synchronised V abd S datasets/Categorised IOVNB Dataset/Vta (Driver E)/Vta11/S-Vta11.csv,True,0
af147288035d510dc6b315959b7b36dc63d5b327d57c8a9578bc573c18734128,2,Unsynchronised V and S Dataset/Uncategorised IOVNB (V and S) Dataset/S-Dataset/S-Vta11.csv,False,1
aff9b34045c90e930b8c759770d435df4f136f97ce532593829c57e112277600,2,Unsynchronised V and S Dataset/Categorised IOVNB (V) Dataset/V Dataset/S (Driver A)/S3a/V-S3a.csv,True,0
aff9b34045c90e930b8c759770d435df4f136f97ce532593829c57e112277600,2,Unsynchronised V and S Dataset/Uncategorised IOVNB (V and S) Dataset/V-Dataset/V-S3a.csv,False,1
b0958971cd26d31ac74cb0f3496e9bfbd1a0cdcec022b2a192e727539bb8d0b1,2,Unsynchronised V and S Dataset/Categorised IOVNB (V) Dataset/V Dataset/Vtb (Driver E)/Vtb10/V-Vtb10.csv,True,0
b0958971cd26d31ac74cb0f3496e9bfbd1a0cdcec022b2a192e727539bb8d0b1,2,Unsynchronised V and S Dataset/Uncategorised IOVNB (V and S) Dataset/V-Dataset/V-Vtb10.csv,False,1
b16817eecd63a0f8bc27ae8b3490760e394391535c798587602f6feaab856001,2,Unsynchronised V and S Dataset/Categorised IOVNB (V) Dataset/V Dataset/Vta (Driver E)/Vta10/V-Vta10.csv,True,0
b16817eecd63a0f8bc27ae8b3490760e394391535c798587602f6feaab856001,2,Unsynchronised V and S Dataset/Uncategorised IOVNB (V and S) Dataset/V-Dataset/V-Vta10.csv,False,1
b2aa8e3d7bae40e9f17cd20fe4c80d79f34b012a07e3b8aeb0eedf5ed42b7790,2,Synchronised V abd S datasets/Categorised IOVNB Dataset/Vw (Driver E)/Vw10/S-Vw10.csv,True,0
b2aa8e3d7bae40e9f17cd20fe4c80d79f34b012a07e3b8aeb0eedf5ed42b7790,2,Unsynchronised V and S Dataset/Uncategorised IOVNB (V and S) Dataset/S-Dataset/S-Vw10.csv,False,1
b3a4d14906d1783b565ee27c43d012804cfefaef14a4c6f5114ea683269ff06f,2,Unsynchronised V and S Dataset/Categorised IOVNB (V) Dataset/V Dataset/Vta (Driver E)/Vta23/V-Vta23.csv,True,0
b3a4d14906d1783b565ee27c43d012804cfefaef14a4c6f5114ea683269ff06f,2,Unsynchronised V and S Dataset/Uncategorised IOVNB (V and S) Dataset/V-Dataset/V-Vta23.csv,False,1
b41878109b774666af1698b374c2273f3c0c9092888522ac8fadaf10f3b70160,2,Unsynchronised V and S Dataset/Categorised IOVNB (V) Dataset/V Dataset/Vf (Driver E)/V-Vfb01d/V-Vfb01d.csv,True,0
b41878109b774666af1698b374c2273f3c0c9092888522ac8fadaf10f3b70160,2,Unsynchronised V and S Dataset/Uncategorised IOVNB (V and S) Dataset/V-Dataset/V-Vfb01d.csv,False,1
b4a8f30e4fa8c1399c9c4d58a8220305d233e99789f2997e47be9dbb2dfa1eb0,2,Synchronised V abd S datasets/Categorised IOVNB Dataset/Vta (Driver E)/Vta13/S-Vta13.csv,True,0
b4a8f30e4fa8c1399c9c4d58a8220305d233e99789f2997e47be9dbb2dfa1eb0,2,Unsynchronised V and S Dataset/Uncategorised IOVNB (V and S) Dataset/S-Dataset/S-Vta13.csv,False,1
b4d103f19dc93cc422393360b0b1baa26797bc24cc59230db927e6cd1c044d9e,2,Synchronised V abd S datasets/Uncategorised IOVNB Dataset/S-Dataset/S-S3b.csv,True,0
b4d103f19dc93cc422393360b0b1baa26797bc24cc59230db927e6cd1c044d9e,2,Unsynchronised V and S Dataset/Uncategorised IOVNB (V and S) Dataset/S-Dataset/S-S3b.csv,False,1
b5aac0532f3eb63843807d10c6130b6c0b39f94c844acd3027ddb2f200b0be6b,2,Synchronised V abd S datasets/Categorised IOVNB Dataset/Vtb (Driver E)/Vtb04/V-vtb4.csv,True,0
b5aac0532f3eb63843807d10c6130b6c0b39f94c844acd3027ddb2f200b0be6b,2,Synchronised V abd S datasets/Uncategorised IOVNB Dataset/V-Dataset/V-vtb4.csv,False,1
b798d898dc371334ce8627ed416fcbfc423852b204993bdfe884a2dc11b56696,2,Synchronised V abd S datasets/Categorised IOVNB Dataset/Vtb (Driver E)/Vtb07/S-Vtb7.csv,True,0
b798d898dc371334ce8627ed416fcbfc423852b204993bdfe884a2dc11b56696,2,Unsynchronised V and S Dataset/Uncategorised IOVNB (V and S) Dataset/S-Dataset/S-Vtb7.csv,False,1
b79e883cc8d3b4c6d5fef0954aa707bea947b8d796bd138c7b3eec1f6e6390c2,2,Unsynchronised V and S Dataset/Categorised IOVNB (V) Dataset/V Dataset/Vta (Driver E)/Vta07/V-Vta7.csv,True,0
b79e883cc8d3b4c6d5fef0954aa707bea947b8d796bd138c7b3eec1f6e6390c2,2,Unsynchronised V and S Dataset/Uncategorised IOVNB (V and S) Dataset/V-Dataset/V-Vta7.csv,False,1
b7d62314fbcf376310f503e6dc664e0672d095926523297b5a539a7b29a9cad0,2,Unsynchronised V and S Dataset/Categorised IOVNB (V) Dataset/V Dataset/M (Driver B)/V-M.csv,True,0
b7d62314fbcf376310f503e6dc664e0672d095926523297b5a539a7b29a9cad0,2,Unsynchronised V and S Dataset/Uncategorised IOVNB (V and S) Dataset/V-Dataset/V-M.csv,False,1
b81e128fd1594a0730f36d285c1c447d17a370e6637616e4017b44ff3c714742,2,Synchronised V abd S datasets/Categorised IOVNB Dataset/Vtb (Driver E)/Vtb10/S-Vtb10.csv,True,0
b81e128fd1594a0730f36d285c1c447d17a370e6637616e4017b44ff3c714742,2,Unsynchronised V and S Dataset/Uncategorised IOVNB (V and S) Dataset/S-Dataset/S-Vtb10.csv,False,1
b866394640dd88ec9b8946f3bd8b4f4bb9e56253b4ef77fff7e23889a25d5a5d,2,Unsynchronised V and S Dataset/Categorised IOVNB (V) Dataset/V Dataset/Vta (Driver E)/Vta17/V-Vta17.csv,True,0
b866394640dd88ec9b8946f3bd8b4f4bb9e56253b4ef77fff7e23889a25d5a5d,2,Unsynchronised V and S Dataset/Uncategorised IOVNB (V and S) Dataset/V-Dataset/V-Vta17.csv,False,1
b87fa6978d7d50087ca63bfee5230692013485aaccef5474dbc847a9c1498739,2,Synchronised V abd S datasets/Categorised IOVNB Dataset/S (Driver A)/S3c/S-S3c.csv,True,0
b87fa6978d7d50087ca63bfee5230692013485aaccef5474dbc847a9c1498739,2,Unsynchronised V and S Dataset/Uncategorised IOVNB (V and S) Dataset/S-Dataset/S-S3c.csv,False,1
b89ca7c566b668ab0f4c16eda1343f9e0527a31bf6c603212e146ba84928dd6f,2,Synchronised V abd S datasets/Categorised IOVNB Dataset/Vw (Driver E)/Vw03/V-Vw3.csv,True,0
b89ca7c566b668ab0f4c16eda1343f9e0527a31bf6c603212e146ba84928dd6f,2,Synchronised V abd S datasets/Uncategorised IOVNB Dataset/V-Dataset/V-Vw3.csv,False,1
b9030167541be560621a7aa9ef6a89710cb666ec47ad204f65cb1d96f7606fa0,2,Synchronised V abd S datasets/Categorised IOVNB Dataset/Vta (Driver E)/Vta05/S-Vta5.csv,True,0
b9030167541be560621a7aa9ef6a89710cb666ec47ad204f65cb1d96f7606fa0,2,Unsynchronised V and S Dataset/Uncategorised IOVNB (V and S) Dataset/S-Dataset/S-Vta5.csv,False,1
b9dd70fc7282ba469fdf8835062286bb3cb53bbf4f6d3d2dff4d71c5b597a5c1,2,Synchronised V abd S datasets/Categorised IOVNB Dataset/Vw (Driver E)/Vw11/S-Vw11.csv,True,0
b9dd70fc7282ba469fdf8835062286bb3cb53bbf4f6d3d2dff4d71c5b597a5c1,2,Unsynchronised V and S Dataset/Uncategorised IOVNB (V and S) Dataset/S-Dataset/S-Vw11.csv,False,1
b9e45dc8d856271f0a69030b7dd98f32c6b6b88b627138d67e8d3a1b7c5329fe,2,Synchronised V abd S datasets/Categorised IOVNB Dataset/S (Driver A)/S3a/S-S3a.csv,True,0
b9e45dc8d856271f0a69030b7dd98f32c6b6b88b627138d67e8d3a1b7c5329fe,2,Unsynchronised V and S Dataset/Uncategorised IOVNB (V and S) Dataset/S-Dataset/S-S3a.csv,False,1
bb66b9394af2f8f9183e5cc986ce94fcd36627455e6e3512206b974082b6ca62,2,Unsynchronised V and S Dataset/Categorised IOVNB (V) Dataset/V Dataset/Vtb (Driver E)/Vtb11/V-Vtb11.csv,True,0
bb66b9394af2f8f9183e5cc986ce94fcd36627455e6e3512206b974082b6ca62,2,Unsynchronised V and S Dataset/Uncategorised IOVNB (V and S) Dataset/V-Dataset/V-Vtb11.csv,False,1
bb8cee07da2802f0b543cd9ffe682262a19e8e0e9d6692b1eb792e03bc512d3b,2,Unsynchronised V and S Dataset/Categorised IOVNB (V) Dataset/V Dataset/Vta (Driver E)/Vta27/V-Vta27.csv,True,0
bb8cee07da2802f0b543cd9ffe682262a19e8e0e9d6692b1eb792e03bc512d3b,2,Unsynchronised V and S Dataset/Uncategorised IOVNB (V and S) Dataset/V-Dataset/V-Vta27.csv,False,1
bce837348c306ba343b36f2d44878f0ac1e68ada3c2852bba50056749f40ca7d,4,Synchronised V abd S datasets/Categorised IOVNB Dataset/Vf (Driver E)/V-Vfa02/V-Vfa02.csv,True,0
bce837348c306ba343b36f2d44878f0ac1e68ada3c2852bba50056749f40ca7d,4,Synchronised V abd S datasets/Uncategorised IOVNB Dataset/V-Dataset/V-Vfa02.csv,False,1
bce837348c306ba343b36f2d44878f0ac1e68ada3c2852bba50056749f40ca7d,4,Unsynchronised V and S Dataset/Categorised IOVNB (V) Dataset/V Dataset/Vf (Driver E)/V-Vfa02/V-Vfa02.csv,False,2
bce837348c306ba343b36f2d44878f0ac1e68ada3c2852bba50056749f40ca7d,4,Unsynchronised V and S Dataset/Uncategorised IOVNB (V and S) Dataset/V-Dataset/V-Vfa02.csv,False,3
bd65ae3932fc1b6ec64d0347c34bfa66bf3ff8ef276f8aff31c546e0bac2684f,2,Synchronised V abd S datasets/Categorised IOVNB Dataset/Vw (Driver E)/Vw15/V-Vw15.csv,True,0
bd65ae3932fc1b6ec64d0347c34bfa66bf3ff8ef276f8aff31c546e0bac2684f,2,Synchronised V abd S datasets/Uncategorised IOVNB Dataset/V-Dataset/V-Vw15.csv,False,1
be656f544b45a72a38ac5bfc4d24aeaa4ab24a24c8654639829e913491908c78,2,Unsynchronised V and S Dataset/Categorised IOVNB (V) Dataset/V Dataset/Vw (Driver E)/Vw14a/V-Vw14a.csv,True,0
be656f544b45a72a38ac5bfc4d24aeaa4ab24a24c8654639829e913491908c78,2,Unsynchronised V and S Dataset/Uncategorised IOVNB (V and S) Dataset/V-Dataset/V-Vw14a.csv,False,1
bf061d676cd45ae8fcef4d07714dc9a6a32a148a8b9123fa7a085f44221b017c,2,Unsynchronised V and S Dataset/Categorised IOVNB (V) Dataset/V Dataset/Vw (Driver E)/Vw03/V-Vw3.csv,True,0
bf061d676cd45ae8fcef4d07714dc9a6a32a148a8b9123fa7a085f44221b017c,2,Unsynchronised V and S Dataset/Uncategorised IOVNB (V and S) Dataset/V-Dataset/V-Vw3.csv,False,1
c0f9419e6cb8b5937663af729a2aa007fbb3c8add15074bff78a0b120ecaf8ac,2,Unsynchronised V and S Dataset/Categorised IOVNB (V) Dataset/V Dataset/Vta (Driver E)/Vta09/V-Vta9.csv,True,0
c0f9419e6cb8b5937663af729a2aa007fbb3c8add15074bff78a0b120ecaf8ac,2,Unsynchronised V and S Dataset/Uncategorised IOVNB (V and S) Dataset/V-Dataset/V-Vta9.csv,False,1
c153268bf5f53e173934f50084c598d0c29ba93aad4a3b50b14a314d5402dbab,2,Synchronised V abd S datasets/Categorised IOVNB Dataset/Vw (Driver E)/Vw02/S-Vw2.csv,True,0
c153268bf5f53e173934f50084c598d0c29ba93aad4a3b50b14a314d5402dbab,2,Unsynchronised V and S Dataset/Uncategorised IOVNB (V and S) Dataset/S-Dataset/S-Vw2.csv,False,1
c16729168b373c1aba8e71f6af00e5e92fcd232d513b2b5ac2c275586694aded,2,Unsynchronised V and S Dataset/Categorised IOVNB (V) Dataset/V Dataset/Vta (Driver E)/Vta15/V-Vta15.csv,True,0
c16729168b373c1aba8e71f6af00e5e92fcd232d513b2b5ac2c275586694aded,2,Unsynchronised V and S Dataset/Uncategorised IOVNB (V and S) Dataset/V-Dataset/V-Vta15.csv,False,1
c24b48fcf0ee5ab1be0416a5b0b5d4fc087cc65fc990f850e799e705fa1cb1bd,2,Unsynchronised V and S Dataset/Categorised IOVNB (V) Dataset/V Dataset/Vta (Driver E)/Vta12/V-Vta12.csv,True,0
c24b48fcf0ee5ab1be0416a5b0b5d4fc087cc65fc990f850e799e705fa1cb1bd,2,Unsynchronised V and S Dataset/Uncategorised IOVNB (V and S) Dataset/V-Dataset/V-Vta12.csv,False,1
c267851b7fbd16e978fe898a57440b2ca5c3cf72ae6d165db4cc27bab1f2e581,2,Unsynchronised V and S Dataset/Categorised IOVNB (V) Dataset/V Dataset/Vw (Driver E)/Vw16b/V-Vw16b.csv,True,0
c267851b7fbd16e978fe898a57440b2ca5c3cf72ae6d165db4cc27bab1f2e581,2,Unsynchronised V and S Dataset/Uncategorised IOVNB (V and S) Dataset/V-Dataset/V-Vw16b.csv,False,1
c52a7a642ebb61501d2ce4f805e06ca218e91d5ade7f1327f5c46d9933c33ecc,2,Unsynchronised V and S Dataset/Categorised IOVNB (V) Dataset/V Dataset/Vta (Driver E)/Vta19/V-Vta19.csv,True,0
c52a7a642ebb61501d2ce4f805e06ca218e91d5ade7f1327f5c46d9933c33ecc,2,Unsynchronised V and S Dataset/Uncategorised IOVNB (V and S) Dataset/V-Dataset/V-Vta19.csv,False,1
c5f9f4161bd33ec880d4cabab48189a02db647f86315860dd21bb48f5764cd75,2,Synchronised V abd S datasets/Categorised IOVNB Dataset/Vta (Driver E)/Vta23/S-Vta23.csv,True,0
c5f9f4161bd33ec880d4cabab48189a02db647f86315860dd21bb48f5764cd75,2,Unsynchronised V and S Dataset/Uncategorised IOVNB (V and S) Dataset/S-Dataset/S-Vta23.csv,False,1
c68f61a381555a0c5669b9952b59d7424f1bef82fd05b1cb8fbc26bb549b12aa,2,Unsynchronised V and S Dataset/Categorised IOVNB (V) Dataset/V Dataset/Vf (Driver E)/V-Vfb02c/V-Vfb02c.csv,True,0
c68f61a381555a0c5669b9952b59d7424f1bef82fd05b1cb8fbc26bb549b12aa,2,Unsynchronised V and S Dataset/Uncategorised IOVNB (V and S) Dataset/V-Dataset/V-Vfb02c.csv,False,1
cc1b57b0b539f1e756662c49ff4c4925d66e44396ad283e4d5fa472024675dec,2,Synchronised V abd S datasets/Categorised IOVNB Dataset/Vta (Driver E)/Vta08/S-Vta8.csv,True,0
cc1b57b0b539f1e756662c49ff4c4925d66e44396ad283e4d5fa472024675dec,2,Unsynchronised V and S Dataset/Uncategorised IOVNB (V and S) Dataset/S-Dataset/S-Vta8.csv,False,1
cc55c4ce1a945a78ccfa71d3f3e290a30145f88610d1e6cbc541cb1c48cd6ce4,2,Synchronised V abd S datasets/Categorised IOVNB Dataset/Vw (Driver E)/Vw17/S-Vw17.csv,True,0
cc55c4ce1a945a78ccfa71d3f3e290a30145f88610d1e6cbc541cb1c48cd6ce4,2,Unsynchronised V and S Dataset/Uncategorised IOVNB (V and S) Dataset/S-Dataset/S-Vw17.csv,False,1
cd3ec5fb7285089c5e37e8f42e7e899875839b7911ebec77751d8b1a01d90510,2,Synchronised V abd S datasets/Categorised IOVNB Dataset/Vtb (Driver E)/Vtb11/S-Vtb11.csv,True,0
cd3ec5fb7285089c5e37e8f42e7e899875839b7911ebec77751d8b1a01d90510,2,Unsynchronised V and S Dataset/Uncategorised IOVNB (V and S) Dataset/S-Dataset/S-Vtb11.csv,False,1
cdc2626adc124083a440cefb8a5ed0299e4c5e25aa4a5612316fb3dc784708c4,2,Synchronised V abd S datasets/Categorised IOVNB Dataset/Vtb (Driver E)/Vtb04/S-Vtb4.csv,True,0
cdc2626adc124083a440cefb8a5ed0299e4c5e25aa4a5612316fb3dc784708c4,2,Unsynchronised V and S Dataset/Uncategorised IOVNB (V and S) Dataset/S-Dataset/S-Vtb4.csv,False,1
cdd40e3a04fe2f39eddf8dbaac68db124e0a1d858e70d08992ebc81708701e16,2,Synchronised V abd S datasets/Categorised IOVNB Dataset/Vtb (Driver E)/Vtb08/S-Vtb8.csv,True,0
cdd40e3a04fe2f39eddf8dbaac68db124e0a1d858e70d08992ebc81708701e16,2,Unsynchronised V and S Dataset/Uncategorised IOVNB (V and S) Dataset/S-Dataset/S-Vtb8.csv,False,1
ce69ae88e13086a35f6c21ed468959f79084a8e833e60ef886c303ce76297318,2,Synchronised V abd S datasets/Categorised IOVNB Dataset/Vtb (Driver E)/Vtb09/V-vtb9.csv,True,0
ce69ae88e13086a35f6c21ed468959f79084a8e833e60ef886c303ce76297318,2,Synchronised V abd S datasets/Uncategorised IOVNB Dataset/V-Dataset/V-vtb9.csv,False,1
ce97c12ec0c9cff740dfe3a18e17aa0be0b8b7ec43bc53daa01b357dd6bf11d7,2,Synchronised V abd S datasets/Categorised IOVNB Dataset/Vw (Driver E)/Vw14c/S-Vw14c.csv,True,0
ce97c12ec0c9cff740dfe3a18e17aa0be0b8b7ec43bc53daa01b357dd6bf11d7,2,Unsynchronised V and S Dataset/Uncategorised IOVNB (V and S) Dataset/S-Dataset/S-Vw14c.csv,False,1
cf17b89f6eec6872de2412f8a17a82ab9821a881c20cbcadc23d867d9e1dde84,2,Synchronised V abd S datasets/Categorised IOVNB Dataset/Y (Driver D)/Y1/S-Y1.csv,True,0
cf17b89f6eec6872de2412f8a17a82ab9821a881c20cbcadc23d867d9e1dde84,2,Unsynchronised V and S Dataset/Uncategorised IOVNB (V and S) Dataset/S-Dataset/S-Y1.csv,False,1
cf68527313ded423bd25dd72f004239f31453b8948365a550c6db3385fdf9b70,2,Unsynchronised V and S Dataset/Categorised IOVNB (V) Dataset/V Dataset/Vw (Driver E)/Vw14c/V-Vw14c.csv,True,0
cf68527313ded423bd25dd72f004239f31453b8948365a550c6db3385fdf9b70,2,Unsynchronised V and S Dataset/Uncategorised IOVNB (V and S) Dataset/V-Dataset/V-Vw14c.csv,False,1
cffedec2b0088ae62d8323417cd25905a94261aa8e58ec81759d81bb72058620,2,Unsynchronised V and S Dataset/Categorised IOVNB (V) Dataset/V Dataset/Vtb (Driver E)/Vtb03/V-Vtb3.csv,True,0
cffedec2b0088ae62d8323417cd25905a94261aa8e58ec81759d81bb72058620,2,Unsynchronised V and S Dataset/Uncategorised IOVNB (V and S) Dataset/V-Dataset/V-Vtb3.csv,False,1
d2a5d2206394b29e775ffa7a240d49770c49168a898d78e0f87e8426dc6f2f32,2,Synchronised V abd S datasets/Categorised IOVNB Dataset/Vtb (Driver E)/Vtb07/V-vtb7.csv,True,0
d2a5d2206394b29e775ffa7a240d49770c49168a898d78e0f87e8426dc6f2f32,2,Synchronised V abd S datasets/Uncategorised IOVNB Dataset/V-Dataset/V-vtb7.csv,False,1
d2d0de4a8ff2793825af978523c888e3579c788c98db13542b19f429288bf4d9,2,Synchronised V abd S datasets/Categorised IOVNB Dataset/Vta (Driver E)/Vta26/S-Vta26.csv,True,0
d2d0de4a8ff2793825af978523c888e3579c788c98db13542b19f429288bf4d9,2,Unsynchronised V and S Dataset/Uncategorised IOVNB (V and S) Dataset/S-Dataset/S-Vta26.csv,False,1
d2d563ba86d9d9ef1a636a3a9ecca4ff4983a15b6214a44db999f64934af8dc7,2,Unsynchronised V and S Dataset/Categorised IOVNB (V) Dataset/V Dataset/Vtb (Driver E)/Vtb06/V-Vtb6.csv,True,0
d2d563ba86d9d9ef1a636a3a9ecca4ff4983a15b6214a44db999f64934af8dc7,2,Unsynchronised V and S Dataset/Uncategorised IOVNB (V and S) Dataset/V-Dataset/V-Vtb6.csv,False,1
d386dd533a38e6a8e053788f274c619b3a2bcd097daa0983144b491573ca9237,2,Unsynchronised V and S Dataset/Categorised IOVNB (V) Dataset/V Dataset/St (Driver C)/St1/V-St1.csv,True,0
d386dd533a38e6a8e053788f274c619b3a2bcd097daa0983144b491573ca9237,2,Unsynchronised V and S Dataset/Uncategorised IOVNB (V and S) Dataset/V-Dataset/V-St1.csv,False,1
d44d29d46b7c46c574cdc90d5633cc90ac1b9cee57fb7f6b90d865aecc14ff64,2,Synchronised V abd S datasets/Categorised IOVNB Dataset/S (Driver A)/S3b/V-S3b.csv,True,0
d44d29d46b7c46c574cdc90d5633cc90ac1b9cee57fb7f6b90d865aecc14ff64,2,Synchronised V abd S datasets/Uncategorised IOVNB Dataset/V-Dataset/V-S3b.csv,False,1
d50851c0f724a3b839674071240deacdcb3ed1ea2d582691ea459355c32fa45f,2,Unsynchronised V and S Dataset/Categorised IOVNB (V) Dataset/V Dataset/Vtb (Driver E)/Vtb09/V-Vtb9.csv,True,0
d50851c0f724a3b839674071240deacdcb3ed1ea2d582691ea459355c32fa45f,2,Unsynchronised V and S Dataset/Uncategorised IOVNB (V and S) Dataset/V-Dataset/V-Vtb9.csv,False,1
d6f65e16288c2fd1150435bca4c2383e323d55935824a8ae21799a8563271ccb,2,Synchronised V abd S datasets/Categorised IOVNB Dataset/Vta (Driver E)/Vta30/S-Vta30.csv,True,0
d6f65e16288c2fd1150435bca4c2383e323d55935824a8ae21799a8563271ccb,2,Unsynchronised V and S Dataset/Uncategorised IOVNB (V and S) Dataset/S-Dataset/S-Vta30.csv,False,1
d73b5ac746240670e9a420fa38bf910eacef4e7eb6a85e4c86c76abcae33fec1,2,Synchronised V abd S datasets/Categorised IOVNB Dataset/Vta (Driver E)/Vta30/V-vta30.csv,True,0
d73b5ac746240670e9a420fa38bf910eacef4e7eb6a85e4c86c76abcae33fec1,2,Synchronised V abd S datasets/Uncategorised IOVNB Dataset/V-Dataset/V-vta30.csv,False,1
d7a98f02899d331265eb0b892e44d343892ad6ec9dcb1e90ce6c6f80b264c0f3,2,Synchronised V abd S datasets/Categorised IOVNB Dataset/S (Driver A)/S3c/V-S3c.csv,True,0
d7a98f02899d331265eb0b892e44d343892ad6ec9dcb1e90ce6c6f80b264c0f3,2,Synchronised V abd S datasets/Uncategorised IOVNB Dataset/V-Dataset/V-S3c.csv,False,1
d918e507f6cf2b0c38004a61e90211e0c43c0a69fe268b468bb0471d80b439ab,2,Synchronised V abd S datasets/Categorised IOVNB Dataset/Vta (Driver E)/Vta17/S-Vta17.csv,True,0
d918e507f6cf2b0c38004a61e90211e0c43c0a69fe268b468bb0471d80b439ab,2,Unsynchronised V and S Dataset/Uncategorised IOVNB (V and S) Dataset/S-Dataset/S-Vta17.csv,False,1
dad39fa7ff152dc13ab8e7d903047bcfdb7882c8fe03b7c0f8f12eef07cbc115,2,Synchronised V abd S datasets/Categorised IOVNB Dataset/Vtb (Driver E)/Vtb12/V-vtb12.csv,True,0
dad39fa7ff152dc13ab8e7d903047bcfdb7882c8fe03b7c0f8f12eef07cbc115,2,Synchronised V abd S datasets/Uncategorised IOVNB Dataset/V-Dataset/V-vtb12.csv,False,1
db3726bc5e11c73f1623ff74da229726d014e04a4dbf5ded403906f23ed8f3e5,2,Synchronised V abd S datasets/Categorised IOVNB Dataset/Vta (Driver E)/Vta24/V-vta24.csv,True,0
db3726bc5e11c73f1623ff74da229726d014e04a4dbf5ded403906f23ed8f3e5,2,Synchronised V abd S datasets/Uncategorised IOVNB Dataset/V-Dataset/V-vta24.csv,False,1
db64f82bd2badebe3c63394495045aeee9579f1e62fe0532a09c7752c4dba5d9,2,Unsynchronised V and S Dataset/Categorised IOVNB (V) Dataset/V Dataset/Vta (Driver E)/Vta28/V-Vta28.csv,True,0
db64f82bd2badebe3c63394495045aeee9579f1e62fe0532a09c7752c4dba5d9,2,Unsynchronised V and S Dataset/Uncategorised IOVNB (V and S) Dataset/V-Dataset/V-Vta28.csv,False,1
db9ba7d930842b5f15543c71c1b350f52bef0fe0c27653279d3c35cffb331556,2,Synchronised V abd S datasets/Categorised IOVNB Dataset/Vw (Driver E)/Vw04/V-Vw4.csv,True,0
db9ba7d930842b5f15543c71c1b350f52bef0fe0c27653279d3c35cffb331556,2,Synchronised V abd S datasets/Uncategorised IOVNB Dataset/V-Dataset/V-Vw4.csv,False,1
dc24cf9cd6b8cce2553f283d5c042396d7a4df29b7094321a09585e65d996476,2,Synchronised V abd S datasets/Categorised IOVNB Dataset/Vta (Driver E)/Vta29/S-Vta29.csv,True,0
dc24cf9cd6b8cce2553f283d5c042396d7a4df29b7094321a09585e65d996476,2,Unsynchronised V and S Dataset/Uncategorised IOVNB (V and S) Dataset/S-Dataset/S-Vta29.csv,False,1
ddd26e084b97fe661ae6e783efbdbc5f45add9e5288cf7800370577ff2bc2b08,2,Synchronised V abd S datasets/Categorised IOVNB Dataset/Vta (Driver E)/Vta14/V-vta14.csv,True,0
ddd26e084b97fe661ae6e783efbdbc5f45add9e5288cf7800370577ff2bc2b08,2,Synchronised V abd S datasets/Uncategorised IOVNB Dataset/V-Dataset/V-vta14.csv,False,1
ddd4bb7ffd3aaf080e55c61c4ea5f92388b255fb65405188fa0932cc0dcfcf5c,2,Synchronised V abd S datasets/Categorised IOVNB Dataset/Vta (Driver E)/Vta22/V-vta22.csv,True,0
ddd4bb7ffd3aaf080e55c61c4ea5f92388b255fb65405188fa0932cc0dcfcf5c,2,Synchronised V abd S datasets/Uncategorised IOVNB Dataset/V-Dataset/V-vta22.csv,False,1
de5b5da05baa7bedd0d9fa66c6faa908823ab731849c1dad0156d400252e4646,2,Synchronised V abd S datasets/Categorised IOVNB Dataset/Vw (Driver E)/Vw14a/S-Vw14a.csv,True,0
de5b5da05baa7bedd0d9fa66c6faa908823ab731849c1dad0156d400252e4646,2,Unsynchronised V and S Dataset/Uncategorised IOVNB (V and S) Dataset/S-Dataset/S-Vw14a.csv,False,1
dff3ac18f9f2056275868af8caada86ea8c903c48c3b35d207bb808602aba88f,2,Unsynchronised V and S Dataset/Categorised IOVNB (V) Dataset/V Dataset/St (Driver C)/St7/V-St7.csv,True,0
dff3ac18f9f2056275868af8caada86ea8c903c48c3b35d207bb808602aba88f,2,Unsynchronised V and S Dataset/Uncategorised IOVNB (V and S) Dataset/V-Dataset/V-St7.csv,False,1
e1067b6fd8561c4fd7b851f387c6a43df2c6fcd088f0552a321db210a4d05e09,2,Synchronised V abd S datasets/Categorised IOVNB Dataset/Vta (Driver E)/Vta26/V-vta26.csv,True,0
e1067b6fd8561c4fd7b851f387c6a43df2c6fcd088f0552a321db210a4d05e09,2,Synchronised V abd S datasets/Uncategorised IOVNB Dataset/V-Dataset/V-vta26.csv,False,1
e3794b1e4da783ad5ee5eb98eb687b78f1a0ebcec519aa6d68ae029d10d72313,2,Unsynchronised V and S Dataset/Categorised IOVNB (V) Dataset/V Dataset/Vta (Driver E)/Vta29/V-Vta29.csv,True,0
e3794b1e4da783ad5ee5eb98eb687b78f1a0ebcec519aa6d68ae029d10d72313,2,Unsynchronised V and S Dataset/Uncategorised IOVNB (V and S) Dataset/V-Dataset/V-Vta29.csv,False,1
e5598004be4250cba1361d3b7fea8cb45526ce6e8b8efb7466c5a03a2e6fd57e,2,Synchronised V abd S datasets/Categorised IOVNB Dataset/Vw (Driver E)/Vw12/S-Vw12.csv,True,0
e5598004be4250cba1361d3b7fea8cb45526ce6e8b8efb7466c5a03a2e6fd57e,2,Unsynchronised V and S Dataset/Uncategorised IOVNB (V and S) Dataset/S-Dataset/S-Vw12.csv,False,1
e5e7fb443b7a92a20ca13cae51d51a73330edda63786f1f7fb37b27aa45d80bc,2,Synchronised V abd S datasets/Categorised IOVNB Dataset/Vta (Driver E)/Vta19/V-vta19.csv,True,0
e5e7fb443b7a92a20ca13cae51d51a73330edda63786f1f7fb37b27aa45d80bc,2,Synchronised V abd S datasets/Uncategorised IOVNB Dataset/V-Dataset/V-vta19.csv,False,1
e611eb46d62fb695e3b4e64943a50102a770d818b6e0f5a93b021d8eb2d13c71,2,Synchronised V abd S datasets/Categorised IOVNB Dataset/Vtb (Driver E)/Vtb11/V-vtb11.csv,True,0
e611eb46d62fb695e3b4e64943a50102a770d818b6e0f5a93b021d8eb2d13c71,2,Synchronised V abd S datasets/Uncategorised IOVNB Dataset/V-Dataset/V-vtb11.csv,False,1
e79a2eea18143b825438f9a11c7d724a97c9e18329776defd4d9291d03d4aaca,2,Synchronised V abd S datasets/Categorised IOVNB Dataset/S (Driver A)/S1/S-S1.csv,True,0
e79a2eea18143b825438f9a11c7d724a97c9e18329776defd4d9291d03d4aaca,2,Unsynchronised V and S Dataset/Uncategorised IOVNB (V and S) Dataset/S-Dataset/S-S1.csv,False,1
e7d255100464c70212aa0129e558b7a48d59d606041c8ce2e160e881f9b151e2,2,Synchronised V abd S datasets/Categorised IOVNB Dataset/Vta (Driver E)/Vta02/V-vta2.csv,True,0
e7d255100464c70212aa0129e558b7a48d59d606041c8ce2e160e881f9b151e2,2,Synchronised V abd S datasets/Uncategorised IOVNB Dataset/V-Dataset/V-vta2.csv,False,1
e9d6bf8959e32ea8ab098741a11de015d64d00c1a326c3c175916d5b678a7083,2,Synchronised V abd S datasets/Categorised IOVNB Dataset/Vta (Driver E)/Vta11/V-vta11.csv,True,0
e9d6bf8959e32ea8ab098741a11de015d64d00c1a326c3c175916d5b678a7083,2,Synchronised V abd S datasets/Uncategorised IOVNB Dataset/V-Dataset/V-vta11.csv,False,1
eb685d9619b0c7811d6c7ad5162e6401aee0aeb948cee3c37f3196d5e78ebfc3,2,Unsynchronised V and S Dataset/Categorised IOVNB (V) Dataset/V Dataset/Y (Driver D)/Y1/V-Y1.csv,True,0
eb685d9619b0c7811d6c7ad5162e6401aee0aeb948cee3c37f3196d5e78ebfc3,2,Unsynchronised V and S Dataset/Uncategorised IOVNB (V and S) Dataset/V-Dataset/V-Y1.csv,False,1
eb6e66dbb3397aea7af0c93fe212e9ca0fc8310341083ce64652fe7842248acf,2,Synchronised V abd S datasets/Categorised IOVNB Dataset/Vta (Driver E)/Vta07/S-Vta7.csv,True,0
eb6e66dbb3397aea7af0c93fe212e9ca0fc8310341083ce64652fe7842248acf,2,Unsynchronised V and S Dataset/Uncategorised IOVNB (V and S) Dataset/S-Dataset/S-Vta7.csv,False,1
ebf89d496674e64391e89820fb2ad6db5a66f3204375c3abc5db1f225cabbcf3,2,Unsynchronised V and S Dataset/Categorised IOVNB (V) Dataset/V Dataset/Vf (Driver E)/V-Vfb02e/V-Vfb02e.csv,True,0
ebf89d496674e64391e89820fb2ad6db5a66f3204375c3abc5db1f225cabbcf3,2,Unsynchronised V and S Dataset/Uncategorised IOVNB (V and S) Dataset/V-Dataset/V-Vfb02e.csv,False,1
ec3f3b288fe0793b17db003d0b9e1f6a0d6ec594b017ac2251a438df4743dfe7,2,Synchronised V abd S datasets/Categorised IOVNB Dataset/Vw (Driver E)/Vw09/V-Vw9.csv,True,0
ec3f3b288fe0793b17db003d0b9e1f6a0d6ec594b017ac2251a438df4743dfe7,2,Synchronised V abd S datasets/Uncategorised IOVNB Dataset/V-Dataset/V-Vw9.csv,False,1
ec666af90866254a55578f4e9371860b64602cad0694b02defcc56eec5d85a44,2,Synchronised V abd S datasets/Categorised IOVNB Dataset/Vf (Driver E)/V-Vfa02/S-Vfa02.csv,True,0
ec666af90866254a55578f4e9371860b64602cad0694b02defcc56eec5d85a44,2,Unsynchronised V and S Dataset/Uncategorised IOVNB (V and S) Dataset/S-Dataset/S-Vfa02.csv,False,1
ecf977cb798082d59ad1b03ce5631a61dbf525dfe484eb005ca630b5e95b86af,2,Synchronised V abd S datasets/Categorised IOVNB Dataset/M (Driver B)/V-M.csv,True,0
ecf977cb798082d59ad1b03ce5631a61dbf525dfe484eb005ca630b5e95b86af,2,Synchronised V abd S datasets/Uncategorised IOVNB Dataset/V-Dataset/V-M.csv,False,1
ee81d26af18170ab6473f2f51bc6f8221be5b7fb233829c537d680b4ba2fa199,2,Synchronised V abd S datasets/Categorised IOVNB Dataset/Vw (Driver E)/Vw14b/V-Vw14b.csv,True,0
ee81d26af18170ab6473f2f51bc6f8221be5b7fb233829c537d680b4ba2fa199,2,Synchronised V abd S datasets/Uncategorised IOVNB Dataset/V-Dataset/V-Vw14b.csv,False,1
eef2a336860a2a4a467ea7a76407b66ed602f0b8779dfa19a2be8ef16ef00ae7,2,Unsynchronised V and S Dataset/Categorised IOVNB (V) Dataset/V Dataset/Vf (Driver E)/V-Vfb01b/V-Vfb01b.csv,True,0
eef2a336860a2a4a467ea7a76407b66ed602f0b8779dfa19a2be8ef16ef00ae7,2,Unsynchronised V and S Dataset/Uncategorised IOVNB (V and S) Dataset/V-Dataset/V-Vfb01b.csv,False,1
ef8bf81fdf5df786006e5805dbe09c29c71447cd274991bf47371c28c0f3c19f,2,Synchronised V abd S datasets/Categorised IOVNB Dataset/Vta (Driver E)/Vta03/V-vta3.csv,True,0
ef8bf81fdf5df786006e5805dbe09c29c71447cd274991bf47371c28c0f3c19f,2,Synchronised V abd S datasets/Uncategorised IOVNB Dataset/V-Dataset/V-vta3.csv,False,1
efef0aa0fae9e4cc0a40a85335a013fccb96797175819d46d97dfb13a854ce02,2,Synchronised V abd S datasets/Categorised IOVNB Dataset/Vta (Driver E)/Vta16/S-Vta16.csv,True,0
efef0aa0fae9e4cc0a40a85335a013fccb96797175819d46d97dfb13a854ce02,2,Unsynchronised V and S Dataset/Uncategorised IOVNB (V and S) Dataset/S-Dataset/S-Vta16.csv,False,1
f1321e689b66128e7b116b9aedb0e8e5304f9566781f8111c4d1f4a933c543a2,2,Synchronised V abd S datasets/Categorised IOVNB Dataset/Vw (Driver E)/Vw08/S-Vw8.csv,True,0
f1321e689b66128e7b116b9aedb0e8e5304f9566781f8111c4d1f4a933c543a2,2,Unsynchronised V and S Dataset/Uncategorised IOVNB (V and S) Dataset/S-Dataset/S-Vw8.csv,False,1
f21eda72f506f4c4c0c3cf5828b096edbddc59bf1bbb4da6619f9f060622e754,2,Unsynchronised V and S Dataset/Categorised IOVNB (V) Dataset/V Dataset/Vta (Driver E)/Vta04/V-Vta4.csv,True,0
f21eda72f506f4c4c0c3cf5828b096edbddc59bf1bbb4da6619f9f060622e754,2,Unsynchronised V and S Dataset/Uncategorised IOVNB (V and S) Dataset/V-Dataset/V-Vta4.csv,False,1
f22951b5bc4fed96a34f9affcb7c1c7118a4461ba8f3c22d910398a5f44d248c,2,Synchronised V abd S datasets/Categorised IOVNB Dataset/Vta (Driver E)/Vta21/S-Vta21.csv,True,0
f22951b5bc4fed96a34f9affcb7c1c7118a4461ba8f3c22d910398a5f44d248c,2,Unsynchronised V and S Dataset/Uncategorised IOVNB (V and S) Dataset/S-Dataset/S-Vta21.csv,False,1
f3a2e28fb59fef4a54f34b90bccd00fc94b6930b535992e3578c5a3444f6430c,2,Unsynchronised V and S Dataset/Categorised IOVNB (V) Dataset/V Dataset/Vw (Driver E)/Vw15/V-Vw15.csv,True,0
f3a2e28fb59fef4a54f34b90bccd00fc94b6930b535992e3578c5a3444f6430c,2,Unsynchronised V and S Dataset/Uncategorised IOVNB (V and S) Dataset/V-Dataset/V-Vw15.csv,False,1
f453e4ac1bc32ff555b7cffe32583757a04f7ec230b681f14a5f2095b04ceef0,2,Unsynchronised V and S Dataset/Categorised IOVNB (V) Dataset/V Dataset/Vw (Driver E)/Vw06/V-Vw6.csv,True,0
f453e4ac1bc32ff555b7cffe32583757a04f7ec230b681f14a5f2095b04ceef0,2,Unsynchronised V and S Dataset/Uncategorised IOVNB (V and S) Dataset/V-Dataset/V-Vw6.csv,False,1
f474667235581e514d44f371cc81039aacc6c0604669f552f127bdb8c60e370b,2,Synchronised V abd S datasets/Categorised IOVNB Dataset/Vw (Driver E)/Vw12/V-Vw12.csv,True,0
f474667235581e514d44f371cc81039aacc6c0604669f552f127bdb8c60e370b,2,Synchronised V abd S datasets/Uncategorised IOVNB Dataset/V-Dataset/V-Vw12.csv,False,1
f5233605b530d4511c259b149fecf142aff34e80d444567f68a4ad08a986505a,2,Unsynchronised V and S Dataset/Categorised IOVNB (V) Dataset/V Dataset/Vta (Driver E)/Vta26/V-Vta26.csv,True,0
f5233605b530d4511c259b149fecf142aff34e80d444567f68a4ad08a986505a,2,Unsynchronised V and S Dataset/Uncategorised IOVNB (V and S) Dataset/V-Dataset/V-Vta26.csv,False,1
f5830144b2f857d1a0f0e94a1b95ed267065fbac8819a37b079280da56f7cae4,2,Unsynchronised V and S Dataset/Categorised IOVNB (V) Dataset/V Dataset/Vtb (Driver E)/Vtb07/V-Vtb7.csv,True,0
f5830144b2f857d1a0f0e94a1b95ed267065fbac8819a37b079280da56f7cae4,2,Unsynchronised V and S Dataset/Uncategorised IOVNB (V and S) Dataset/V-Dataset/V-Vtb7.csv,False,1
f6820ac906fb572c385d25e5ab00c5bc3d2cbc82d286c74cd7faf30d711669d7,2,Unsynchronised V and S Dataset/Categorised IOVNB (V) Dataset/V Dataset/Vw (Driver E)/Vw05/V-Vw5.csv,True,0
f6820ac906fb572c385d25e5ab00c5bc3d2cbc82d286c74cd7faf30d711669d7,2,Unsynchronised V and S Dataset/Uncategorised IOVNB (V and S) Dataset/V-Dataset/V-Vw5.csv,False,1
f6c0b0e704bb745648fe30f48c2e38c1f0ea0f653b71f51a837e9a21b845ceb8,2,Unsynchronised V and S Dataset/Categorised IOVNB (V) Dataset/V Dataset/Vtb (Driver E)/Vtb12/V-Vtb12.csv,True,0
f6c0b0e704bb745648fe30f48c2e38c1f0ea0f653b71f51a837e9a21b845ceb8,2,Unsynchronised V and S Dataset/Uncategorised IOVNB (V and S) Dataset/V-Dataset/V-Vtb12.csv,False,1
f918795f7af8b69e24261fab948424422fab381d0226b605b85be5a4b7cccf4d,2,Unsynchronised V and S Dataset/Categorised IOVNB (V) Dataset/V Dataset/Vtb (Driver E)/Vtb04/V-Vtb4.csv,True,0
f918795f7af8b69e24261fab948424422fab381d0226b605b85be5a4b7cccf4d,2,Unsynchronised V and S Dataset/Uncategorised IOVNB (V and S) Dataset/V-Dataset/V-Vtb4.csv,False,1
fcb832a379d1827c6863690b7c39805e06f0318aac7ed24c5b515cfe90fdb516,2,Unsynchronised V and S Dataset/Categorised IOVNB (V) Dataset/V Dataset/Vtb (Driver E)/Vtb01/V-Vtb1.csv,True,0
fcb832a379d1827c6863690b7c39805e06f0318aac7ed24c5b515cfe90fdb516,2,Unsynchronised V and S Dataset/Uncategorised IOVNB (V and S) Dataset/V-Dataset/V-Vtb1.csv,False,1
fe19bd930b9503304fd9ca807501b39170ddba6c828edb09caa9d19acc70a88f,2,Unsynchronised V and S Dataset/Categorised IOVNB (V) Dataset/V Dataset/S (Driver A)/S2/V-S2.csv,True,0
fe19bd930b9503304fd9ca807501b39170ddba6c828edb09caa9d19acc70a88f,2,Unsynchronised V and S Dataset/Uncategorised IOVNB (V and S) Dataset/V-Dataset/V-S2.csv,False,1
