scenario_id,name,session,driver,country,dataset_family,source,verification_status
M,M,M,B,,synchronized_categorized,directory_structure,VERIFIED_FROM_FILE
S,S,S1,A,,synchronized_categorized,directory_structure,VERIFIED_FROM_FILE
S,S,S2,A,,synchronized_categorized,directory_structure,VERIFIED_FROM_FILE
S,S,S3A,A,,synchronized_categorized,directory_structure,VERIFIED_FROM_FILE
S,S,S3B,A,,synchronized_categorized,directory_structure,VERIFIED_FROM_FILE
S,S,S3C,A,,synchronized_categorized,directory_structure,VERIFIED_FROM_FILE
S,S,S4,A,,synchronized_categorized,directory_structure,VERIFIED_FROM_FILE
Vf,Vf,VFA01,E,,synchronized_categorized,directory_structure,VERIFIED_FROM_FILE
Vf,Vf,VFA02,E,,synchronized_categorized,directory_structure,VERIFIED_FROM_FILE
Vta,Vta,VTA10,E,,synchronized_categorized,directory_structure,VERIFIED_FROM_FILE
Vta,Vta,VTA11,E,,synchronized_categorized,directory_structure,VERIFIED_FROM_FILE
Vta,Vta,VTA12,E,,synchronized_categorized,directory_structure,VERIFIED_FROM_FILE
Vta,Vta,VTA13,E,,synchronized_categorized,directory_structure,VERIFIED_FROM_FILE
Vta,Vta,VTA14,E,,synchronized_categorized,directory_structure,VERIFIED_FROM_FILE
Vta,Vta,VTA15,E,,synchronized_categorized,directory_structure,VERIFIED_FROM_FILE
Vta,Vta,VTA16,E,,synchronized_categorized,directory_structure,VERIFIED_FROM_FILE
Vta,Vta,VTA17,E,,synchronized_categorized,directory_structure,VERIFIED_FROM_FILE
Vta,Vta,VTA19,E,,synchronized_categorized,directory_structure,VERIFIED_FROM_FILE
Vta,Vta,VTA1A,E,,synchronized_categorized,directory_structure,VERIFIED_FROM_FILE
Vta,Vta,VTA1B,E,,synchronized_categorized,directory_structure,VERIFIED_FROM_FILE
Vta,Vta,VTA2,E,,synchronized_categorized,directory_structure,VERIFIED_FROM_FILE
Vta,Vta,VTA20,E,,synchronized_categorized,directory_structure,VERIFIED_FROM_FILE
Vta,Vta,VTA21,E,,synchronized_categorized,directory_structure,VERIFIED_FROM_FILE
Vta,Vta,VTA22,E,,synchronized_categorized,directory_structure,VERIFIED_FROM_FILE
Vta,Vta,VTA23,E,,synchronized_categorized,directory_structure,VERIFIED_FROM_FILE
Vta,Vta,VTA24,E,,synchronized_categorized,directory_structure,VERIFIED_FROM_FILE
Vta,Vta,VTA25,E,,synchronized_categorized,directory_structure,VERIFIED_FROM_FILE
Vta,Vta,VTA26,E,,synchronized_categorized,directory_structure,VERIFIED_FROM_FILE
Vta,Vta,VTA27,E,,synchronized_categorized,directory_structure,VERIFIED_FROM_FILE
Vta,Vta,VTA28,E,,synchronized_categorized,directory_structure,VERIFIED_FROM_FILE
Vta,Vta,VTA29,E,,synchronized_categorized,directory_structure,VERIFIED_FROM_FILE
Vta,Vta,VTA3,E,,synchronized_categorized,directory_structure,VERIFIED_FROM_FILE
Vta,Vta,VTA30,E,,synchronized_categorized,directory_structure,VERIFIED_FROM_FILE
Vta,Vta,VTA4,E,,synchronized_categorized,directory_structure,VERIFIED_FROM_FILE
Vta,Vta,VTA5,E,,synchronized_categorized,directory_structure,VERIFIED_FROM_FILE
Vta,Vta,VTA6,E,,synchronized_categorized,directory_structure,VERIFIED_FROM_FILE
Vta,Vta,VTA7,E,,synchronized_categorized,directory_structure,VERIFIED_FROM_FILE
Vta,Vta,VTA8,E,,synchronized_categorized,directory_structure,VERIFIED_FROM_FILE
Vta,Vta,VTA9,E,,synchronized_categorized,directory_structure,VERIFIED_FROM_FILE
Vtb,Vtb,VTB1,E,,synchronized_categorized,directory_structure,VERIFIED_FROM_FILE
Vtb,Vtb,VTB10,E,,synchronized_categorized,directory_structure,VERIFIED_FROM_FILE
Vtb,Vtb,VTB11,E,,synchronized_categorized,directory_structure,VERIFIED_FROM_FILE
Vtb,Vtb,VTB12,E,,synchronized_categorized,directory_structure,VERIFIED_FROM_FILE
Vtb,Vtb,VTB2,E,,synchronized_categorized,directory_structure,VERIFIED_FROM_FILE
Vtb,Vtb,VTB3,E,,synchronized_categorized,directory_structure,VERIFIED_FROM_FILE
Vtb,Vtb,VTB4,E,,synchronized_categorized,directory_structure,VERIFIED_FROM_FILE
Vtb,Vtb,VTB5,E,,synchronized_categorized,directory_structure,VERIFIED_FROM_FILE
Vtb,Vtb,VTB6,E,,synchronized_categorized,directory_structure,VERIFIED_FROM_FILE
Vtb,Vtb,VTB7,E,,synchronized_categorized,directory_structure,VERIFIED_FROM_FILE
Vtb,Vtb,VTB8,E,,synchronized_categorized,directory_structure,VERIFIED_FROM_FILE
Vtb,Vtb,VTB9,E,,synchronized_categorized,directory_structure,VERIFIED_FROM_FILE
Vw,Vw,VW1,E,,synchronized_categorized,directory_structure,VERIFIED_FROM_FILE
Vw,Vw,VW10,E,,synchronized_categorized,directory_structure,VERIFIED_FROM_FILE
Vw,Vw,VW11,E,,synchronized_categorized,directory_structure,VERIFIED_FROM_FILE
Vw,Vw,VW12,E,,synchronized_categorized,directory_structure,VERIFIED_FROM_FILE
Vw,Vw,VW13,E,,synchronized_categorized,directory_structure,VERIFIED_FROM_FILE
Vw,Vw,VW14A,E,,synchronized_categorized,directory_structure,VERIFIED_FROM_FILE
Vw,Vw,VW14B,E,,synchronized_categorized,directory_structure,VERIFIED_FROM_FILE
Vw,Vw,VW14C,E,,synchronized_categorized,directory_structure,VERIFIED_FROM_FILE
Vw,Vw,VW15,E,,synchronized_categorized,directory_structure,VERIFIED_FROM_FILE
Vw,Vw,VW16A,E,,synchronized_categorized,directory_structure,VERIFIED_FROM_FILE
Vw,Vw,VW16B,E,,synchronized_categorized,directory_structure,VERIFIED_FROM_FILE
Vw,Vw,VW17,E,,synchronized_categorized,directory_structure,VERIFIED_FROM_FILE
Vw,Vw,VW2,E,,synchronized_categorized,directory_structure,VERIFIED_FROM_FILE
Vw,Vw,VW3,E,,synchronized_categorized,directory_structure,VERIFIED_FROM_FILE
Vw,Vw,VW4,E,,synchronized_categorized,directory_structure,VERIFIED_FROM_FILE
Vw,Vw,VW5,E,,synchronized_categorized,directory_structure,VERIFIED_FROM_FILE
Vw,Vw,VW6,E,,synchronized_categorized,directory_structure,VERIFIED_FROM_FILE
Vw,Vw,VW7,E,,synchronized_categorized,directory_structure,VERIFIED_FROM_FILE
Vw,Vw,VW8,E,,synchronized_categorized,directory_structure,VERIFIED_FROM_FILE
Vw,Vw,VW9,E,,synchronized_categorized,directory_structure,VERIFIED_FROM_FILE
Y,Y,Y1,D,,synchronized_categorized,directory_structure,VERIFIED_FROM_FILE
uncategorized,,M,,,synchronized_uncategorized,directory_structure,UNVERIFIED
uncategorized,,S1,,,synchronized_uncategorized,directory_structure,UNVERIFIED
uncategorized,,S2,,,synchronized_uncategorized,directory_structure,UNVERIFIED
uncategorized,,S3A,,,synchronized_uncategorized,directory_structure,UNVERIFIED
uncategorized,,S3B,,,synchronized_uncategorized,directory_structure,UNVERIFIED
uncategorized,,S3C,,,synchronized_uncategorized,directory_structure,UNVERIFIED
uncategorized,,S4,,,synchronized_uncategorized,directory_structure,UNVERIFIED
uncategorized,,VFA01,,,synchronized_uncategorized,directory_structure,UNVERIFIED
uncategorized,,VFA02,,,synchronized_uncategorized,directory_structure,UNVERIFIED
uncategorized,,VTA10,,,synchronized_uncategorized,directory_structure,UNVERIFIED
uncategorized,,VTA11,,,synchronized_uncategorized,directory_structure,UNVERIFIED
uncategorized,,VTA12,,,synchronized_uncategorized,directory_structure,UNVERIFIED
uncategorized,,VTA13,,,synchronized_uncategorized,directory_structure,UNVERIFIED
uncategorized,,VTA14,,,synchronized_uncategorized,directory_structure,UNVERIFIED
uncategorized,,VTA15,,,synchronized_uncategorized,directory_structure,UNVERIFIED
uncategorized,,VTA16,,,synchronized_uncategorized,directory_structure,UNVERIFIED
uncategorized,,VTA17,,,synchronized_uncategorized,directory_structure,UNVERIFIED
uncategorized,,VTA19,,,synchronized_uncategorized,directory_structure,UNVERIFIED
uncategorized,,VTA1A,,,synchronized_uncategorized,directory_structure,UNVERIFIED
uncategorized,,VTA1B,,,synchronized_uncategorized,directory_structure,UNVERIFIED
uncategorized,,VTA2,,,synchronized_uncategorized,directory_structure,UNVERIFIED
uncategorized,,VTA20,,,synchronized_uncategorized,directory_structure,UNVERIFIED
uncategorized,,VTA21,,,synchronized_uncategorized,directory_structure,UNVERIFIED
uncategorized,,VTA22,,,synchronized_uncategorized,directory_structure,UNVERIFIED
uncategorized,,VTA23,,,synchronized_uncategorized,directory_structure,UNVERIFIED
uncategorized,,VTA24,,,synchronized_uncategorized,directory_structure,UNVERIFIED
uncategorized,,VTA25,,,synchronized_uncategorized,directory_structure,UNVERIFIED
uncategorized,,VTA26,,,synchronized_uncategorized,directory_structure,UNVERIFIED
uncategorized,,VTA27,,,synchronized_uncategorized,directory_structure,UNVERIFIED
uncategorized,,VTA28,,,synchronized_uncategorized,directory_structure,UNVERIFIED
uncategorized,,VTA29,,,synchronized_uncategorized,directory_structure,UNVERIFIED
uncategorized,,VTA3,,,synchronized_uncategorized,directory_structure,UNVERIFIED
uncategorized,,VTA30,,,synchronized_uncategorized,directory_structure,UNVERIFIED
uncategorized,,VTA4,,,synchronized_uncategorized,directory_structure,UNVERIFIED
uncategorized,,VTA5,,,synchronized_uncategorized,directory_structure,UNVERIFIED
uncategorized,,VTA6,,,synchronized_uncategorized,directory_structure,UNVERIFIED
uncategorized,,VTA7,,,synchronized_uncategorized,directory_structure,UNVERIFIED
uncategorized,,VTA8,,,synchronized_uncategorized,directory_structure,UNVERIFIED
uncategorized,,VTA9,,,synchronized_uncategorized,directory_structure,UNVERIFIED
uncategorized,,VTB1,,,synchronized_uncategorized,directory_structure,UNVERIFIED
uncategorized,,VTB10,,,synchronized_uncategorized,directory_structure,UNVERIFIED
uncategorized,,VTB11,,,synchronized_uncategorized,directory_structure,UNVERIFIED
uncategorized,,VTB12,,,synchronized_uncategorized,directory_structure,UNVERIFIED
uncategorized,,VTB2,,,synchronized_uncategorized,directory_structure,UNVERIFIED
uncategorized,,VTB3,,,synchronized_uncategorized,directory_structure,UNVERIFIED
uncategorized,,VTB4,,,synchronized_uncategorized,directory_structure,UNVERIFIED
uncategorized,,VTB5,,,synchronized_uncategorized,directory_structure,UNVERIFIED
uncategorized,,VTB6,,,synchronized_uncategorized,directory_structure,UNVERIFIED
uncategorized,,VTB7,,,synchronized_uncategorized,directory_structure,UNVERIFIED
uncategorized,,VTB8,,,synchronized_uncategorized,directory_structure,UNVERIFIED
uncategorized,,VTB9,,,synchronized_uncategorized,directory_structure,UNVERIFIED
uncategorized,,VW1,,,synchronized_uncategorized,directory_structure,UNVERIFIED
uncategorized,,VW10,,,synchronized_uncategorized,directory_structure,UNVERIFIED
uncategorized,,VW11,,,synchronized_uncategorized,directory_structure,UNVERIFIED
uncategorized,,VW12,,,synchronized_uncategorized,directory_structure,UNVERIFIED
uncategorized,,VW13,,,synchronized_uncategorized,directory_structure,UNVERIFIED
uncategorized,,VW14A,,,synchronized_uncategorized,directory_structure,UNVERIFIED
uncategorized,,VW14B,,,synchronized_uncategorized,directory_structure,UNVERIFIED
uncategorized,,VW14C,,,synchronized_uncategorized,directory_structure,UNVERIFIED
uncategorized,,VW15,,,synchronized_uncategorized,directory_structure,UNVERIFIED
uncategorized,,VW16A,,,synchronized_uncategorized,directory_structure,UNVERIFIED
uncategorized,,VW16B,,,synchronized_uncategorized,directory_structure,UNVERIFIED
uncategorized,,VW17,,,synchronized_uncategorized,directory_structure,UNVERIFIED
uncategorized,,VW2,,,synchronized_uncategorized,directory_structure,UNVERIFIED
uncategorized,,VW3,,,synchronized_uncategorized,directory_structure,UNVERIFIED
uncategorized,,VW4,,,synchronized_uncategorized,directory_structure,UNVERIFIED
uncategorized,,VW5,,,synchronized_uncategorized,directory_structure,UNVERIFIED
uncategorized,,VW6,,,synchronized_uncategorized,directory_structure,UNVERIFIED
uncategorized,,VW7,,,synchronized_uncategorized,directory_structure,UNVERIFIED
uncategorized,,VW8,,,synchronized_uncategorized,directory_structure,UNVERIFIED
uncategorized,,VW9,,,synchronized_uncategorized,directory_structure,UNVERIFIED
uncategorized,,Y1,,,synchronized_uncategorized,directory_structure,UNVERIFIED
M,M,M,B,,unsynchronized_categorized,directory_structure,VERIFIED_FROM_FILE
S,S,S1,A,,unsynchronized_categorized,directory_structure,VERIFIED_FROM_FILE
S,S,S2,A,,unsynchronized_categorized,directory_structure,VERIFIED_FROM_FILE
S,S,S3A,A,,unsynchronized_categorized,directory_structure,VERIFIED_FROM_FILE
S,S,S3B,A,,unsynchronized_categorized,directory_structure,VERIFIED_FROM_FILE
S,S,S3C,A,,unsynchronized_categorized,directory_structure,VERIFIED_FROM_FILE
S,S,S4,A,,unsynchronized_categorized,directory_structure,VERIFIED_FROM_FILE
St,St,ST1,C,,unsynchronized_categorized,directory_structure,VERIFIED_FROM_FILE
St,St,ST4,C,,unsynchronized_categorized,directory_structure,VERIFIED_FROM_FILE
St,St,ST6,C,,unsynchronized_categorized,directory_structure,VERIFIED_FROM_FILE
St,St,ST7,C,,unsynchronized_categorized,directory_structure,VERIFIED_FROM_FILE
Vf,Vf,VFA01,E,,unsynchronized_categorized,directory_structure,VERIFIED_FROM_FILE
Vf,Vf,VFA02,E,,unsynchronized_categorized,directory_structure,VERIFIED_FROM_FILE
Vf,Vf,VFB01A,E,,unsynchronized_categorized,directory_structure,VERIFIED_FROM_FILE
Vf,Vf,VFB01B,E,,unsynchronized_categorized,directory_structure,VERIFIED_FROM_FILE
Vf,Vf,VFB01C,E,,unsynchronized_categorized,directory_structure,VERIFIED_FROM_FILE
Vf,Vf,VFB01D,E,,unsynchronized_categorized,directory_structure,VERIFIED_FROM_FILE
Vf,Vf,VFB02A,E,,unsynchronized_categorized,directory_structure,VERIFIED_FROM_FILE
Vf,Vf,VFB02B,E,,unsynchronized_categorized,directory_structure,VERIFIED_FROM_FILE
Vf,Vf,VFB02C,E,,unsynchronized_categorized,directory_structure,VERIFIED_FROM_FILE
Vf,Vf,VFB02D,E,,unsynchronized_categorized,directory_structure,VERIFIED_FROM_FILE
Vf,Vf,VFB02E,E,,unsynchronized_categorized,directory_structure,VERIFIED_FROM_FILE
Vf,Vf,VFB02F,E,,unsynchronized_categorized,directory_structure,VERIFIED_FROM_FILE
Vf,Vf,VFB02G,E,,unsynchronized_categorized,directory_structure,VERIFIED_FROM_FILE
Vta,Vta,VTA10,E,,unsynchronized_categorized,directory_structure,VERIFIED_FROM_FILE
Vta,Vta,VTA11,E,,unsynchronized_categorized,directory_structure,VERIFIED_FROM_FILE
Vta,Vta,VTA12,E,,unsynchronized_categorized,directory_structure,VERIFIED_FROM_FILE
Vta,Vta,VTA13,E,,unsynchronized_categorized,directory_structure,VERIFIED_FROM_FILE
Vta,Vta,VTA14,E,,unsynchronized_categorized,directory_structure,VERIFIED_FROM_FILE
Vta,Vta,VTA15,E,,unsynchronized_categorized,directory_structure,VERIFIED_FROM_FILE
Vta,Vta,VTA16,E,,unsynchronized_categorized,directory_structure,VERIFIED_FROM_FILE
Vta,Vta,VTA17,E,,unsynchronized_categorized,directory_structure,VERIFIED_FROM_FILE
Vta,Vta,VTA19,E,,unsynchronized_categorized,directory_structure,VERIFIED_FROM_FILE
Vta,Vta,VTA1A,E,,unsynchronized_categorized,directory_structure,VERIFIED_FROM_FILE
Vta,Vta,VTA1B,E,,unsynchronized_categorized,directory_structure,VERIFIED_FROM_FILE
Vta,Vta,VTA2,E,,unsynchronized_categorized,directory_structure,VERIFIED_FROM_FILE
Vta,Vta,VTA20,E,,unsynchronized_categorized,directory_structure,VERIFIED_FROM_FILE
Vta,Vta,VTA21,E,,unsynchronized_categorized,directory_structure,VERIFIED_FROM_FILE
Vta,Vta,VTA22,E,,unsynchronized_categorized,directory_structure,VERIFIED_FROM_FILE
Vta,Vta,VTA23,E,,unsynchronized_categorized,directory_structure,VERIFIED_FROM_FILE
Vta,Vta,VTA24,E,,unsynchronized_categorized,directory_structure,VERIFIED_FROM_FILE
Vta,Vta,VTA25,E,,unsynchronized_categorized,directory_structure,VERIFIED_FROM_FILE
Vta,Vta,VTA26,E,,unsynchronized_categorized,directory_structure,VERIFIED_FROM_FILE
Vta,Vta,VTA27,E,,unsynchronized_categorized,directory_structure,VERIFIED_FROM_FILE
Vta,Vta,VTA28,E,,unsynchronized_categorized,directory_structure,VERIFIED_FROM_FILE
Vta,Vta,VTA29,E,,unsynchronized_categorized,directory_structure,VERIFIED_FROM_FILE
Vta,Vta,VTA3,E,,unsynchronized_categorized,directory_structure,VERIFIED_FROM_FILE
Vta,Vta,VTA30,E,,unsynchronized_categorized,directory_structure,VERIFIED_FROM_FILE
Vta,Vta,VTA4,E,,unsynchronized_categorized,directory_structure,VERIFIED_FROM_FILE
Vta,Vta,VTA5,E,,unsynchronized_categorized,directory_structure,VERIFIED_FROM_FILE
Vta,Vta,VTA6,E,,unsynchronized_categorized,directory_structure,VERIFIED_FROM_FILE
Vta,Vta,VTA7,E,,unsynchronized_categorized,directory_structure,VERIFIED_FROM_FILE
Vta,Vta,VTA8,E,,unsynchronized_categorized,directory_structure,VERIFIED_FROM_FILE
Vta,Vta,VTA9,E,,unsynchronized_categorized,directory_structure,VERIFIED_FROM_FILE
Vtb,Vtb,VTB1,E,,unsynchronized_categorized,directory_structure,VERIFIED_FROM_FILE
Vtb,Vtb,VTB10,E,,unsynchronized_categorized,directory_structure,VERIFIED_FROM_FILE
Vtb,Vtb,VTB11,E,,unsynchronized_categorized,directory_structure,VERIFIED_FROM_FILE
Vtb,Vtb,VTB12,E,,unsynchronized_categorized,directory_structure,VERIFIED_FROM_FILE
Vtb,Vtb,VTB13,E,,unsynchronized_categorized,directory_structure,VERIFIED_FROM_FILE
Vtb,Vtb,VTB2,E,,unsynchronized_categorized,directory_structure,VERIFIED_FROM_FILE
Vtb,Vtb,VTB3,E,,unsynchronized_categorized,directory_structure,VERIFIED_FROM_FILE
Vtb,Vtb,VTB4,E,,unsynchronized_categorized,directory_structure,VERIFIED_FROM_FILE
Vtb,Vtb,VTB5,E,,unsynchronized_categorized,directory_structure,VERIFIED_FROM_FILE
Vtb,Vtb,VTB6,E,,unsynchronized_categorized,directory_structure,VERIFIED_FROM_FILE
Vtb,Vtb,VTB7,E,,unsynchronized_categorized,directory_structure,VERIFIED_FROM_FILE
Vtb,Vtb,VTB8,E,,unsynchronized_categorized,directory_structure,VERIFIED_FROM_FILE
Vtb,Vtb,VTB9,E,,unsynchronized_categorized,directory_structure,VERIFIED_FROM_FILE
Vw,Vw,VW1,E,,unsynchronized_categorized,directory_structure,VERIFIED_FROM_FILE
Vw,Vw,VW10,E,,unsynchronized_categorized,directory_structure,VERIFIED_FROM_FILE
Vw,Vw,VW12,E,,unsynchronized_categorized,directory_structure,VERIFIED_FROM_FILE
Vw,Vw,VW13,E,,unsynchronized_categorized,directory_structure,VERIFIED_FROM_FILE
Vw,Vw,VW14A,E,,unsynchronized_categorized,directory_structure,VERIFIED_FROM_FILE
Vw,Vw,VW14B,E,,unsynchronized_categorized,directory_structure,VERIFIED_FROM_FILE
Vw,Vw,VW14C,E,,unsynchronized_categorized,directory_structure,VERIFIED_FROM_FILE
Vw,Vw,VW15,E,,unsynchronized_categorized,directory_structure,VERIFIED_FROM_FILE
Vw,Vw,VW16A,E,,unsynchronized_categorized,directory_structure,VERIFIED_FROM_FILE
Vw,Vw,VW16B,E,,unsynchronized_categorized,directory_structure,VERIFIED_FROM_FILE
Vw,Vw,VW17,E,,unsynchronized_categorized,directory_structure,VERIFIED_FROM_FILE
Vw,Vw,VW2,E,,unsynchronized_categorized,directory_structure,VERIFIED_FROM_FILE
Vw,Vw,VW3,E,,unsynchronized_categorized,directory_structure,VERIFIED_FROM_FILE
Vw,Vw,VW4,E,,unsynchronized_categorized,directory_structure,VERIFIED_FROM_FILE
Vw,Vw,VW5,E,,unsynchronized_categorized,directory_structure,VERIFIED_FROM_FILE
Vw,Vw,VW6,E,,unsynchronized_categorized,directory_structure,VERIFIED_FROM_FILE
Vw,Vw,VW7,E,,unsynchronized_categorized,directory_structure,VERIFIED_FROM_FILE
Vw,Vw,VW8,E,,unsynchronized_categorized,directory_structure,VERIFIED_FROM_FILE
Vw,Vw,VW9,E,,unsynchronized_categorized,directory_structure,VERIFIED_FROM_FILE
Y,Y,Y1,D,,unsynchronized_categorized,directory_structure,VERIFIED_FROM_FILE
Y,Y,Y2,D,,unsynchronized_categorized,directory_structure,VERIFIED_FROM_FILE
uncategorized,,A1,,,unsynchronized_uncategorized,directory_structure,UNVERIFIED
uncategorized,,A10,,,unsynchronized_uncategorized,directory_structure,UNVERIFIED
uncategorized,,A11,,,unsynchronized_uncategorized,directory_structure,UNVERIFIED
uncategorized,,A12,,,unsynchronized_uncategorized,directory_structure,UNVERIFIED
uncategorized,,A13,,,unsynchronized_uncategorized,directory_structure,UNVERIFIED
uncategorized,,A2,,,unsynchronized_uncategorized,directory_structure,UNVERIFIED
uncategorized,,A3,,,unsynchronized_uncategorized,directory_structure,UNVERIFIED
uncategorized,,A4,,,unsynchronized_uncategorized,directory_structure,UNVERIFIED
uncategorized,,A5,,,unsynchronized_uncategorized,directory_structure,UNVERIFIED
uncategorized,,A6,,,unsynchronized_uncategorized,directory_structure,UNVERIFIED
uncategorized,,A7,,,unsynchronized_uncategorized,directory_structure,UNVERIFIED
uncategorized,,A8,,,unsynchronized_uncategorized,directory_structure,UNVERIFIED
uncategorized,,A9,,,unsynchronized_uncategorized,directory_structure,UNVERIFIED
uncategorized,,I,,,unsynchronized_uncategorized,directory_structure,UNVERIFIED
uncategorized,,M,,,unsynchronized_uncategorized,directory_structure,UNVERIFIED
uncategorized,,S1,,,unsynchronized_uncategorized,directory_structure,UNVERIFIED
uncategorized,,S2,,,unsynchronized_uncategorized,directory_structure,UNVERIFIED
uncategorized,,S3A,,,unsynchronized_uncategorized,directory_structure,UNVERIFIED
uncategorized,,S3B,,,unsynchronized_uncategorized,directory_structure,UNVERIFIED
uncategorized,,S3C,,,unsynchronized_uncategorized,directory_structure,UNVERIFIED
uncategorized,,S4,,,unsynchronized_uncategorized,directory_structure,UNVERIFIED
uncategorized,,ST1,,,unsynchronized_uncategorized,directory_structure,UNVERIFIED
uncategorized,,ST4,,,unsynchronized_uncategorized,directory_structure,UNVERIFIED
uncategorized,,ST6,,,unsynchronized_uncategorized,directory_structure,UNVERIFIED
uncategorized,,ST7,,,unsynchronized_uncategorized,directory_structure,UNVERIFIED
uncategorized,,T1,,,unsynchronized_uncategorized,directory_structure,UNVERIFIED
uncategorized,,T10,,,unsynchronized_uncategorized,directory_structure,UNVERIFIED
uncategorized,,T11,,,unsynchronized_uncategorized,directory_structure,UNVERIFIED
uncategorized,,T2,,,unsynchronized_uncategorized,directory_structure,UNVERIFIED
uncategorized,,T3,,,unsynchronized_uncategorized,directory_structure,UNVERIFIED
uncategorized,,T4,,,unsynchronized_uncategorized,directory_structure,UNVERIFIED
uncategorized,,T5,,,unsynchronized_uncategorized,directory_structure,UNVERIFIED
uncategorized,,T6,,,unsynchronized_uncategorized,directory_structure,UNVERIFIED
uncategorized,,T7,,,unsynchronized_uncategorized,directory_structure,UNVERIFIED
uncategorized,,T8,,,unsynchronized_uncategorized,directory_structure,UNVERIFIED
uncategorized,,T9,,,unsynchronized_uncategorized,directory_structure,UNVERIFIED
uncategorized,,VFA01,,,unsynchronized_uncategorized,directory_structure,UNVERIFIED
uncategorized,,VFA02,,,unsynchronized_uncategorized,directory_structure,UNVERIFIED
uncategorized,,VFB01A,,,unsynchronized_uncategorized,directory_structure,UNVERIFIED
uncategorized,,VFB01B,,,unsynchronized_uncategorized,directory_structure,UNVERIFIED
uncategorized,,VFB01C,,,unsynchronized_uncategorized,directory_structure,UNVERIFIED
uncategorized,,VFB01D,,,unsynchronized_uncategorized,directory_structure,UNVERIFIED
uncategorized,,VFB02A,,,unsynchronized_uncategorized,directory_structure,UNVERIFIED
uncategorized,,VFB02B,,,unsynchronized_uncategorized,directory_structure,UNVERIFIED
uncategorized,,VFB02C,,,unsynchronized_uncategorized,directory_structure,UNVERIFIED
uncategorized,,VFB02D,,,unsynchronized_uncategorized,directory_structure,UNVERIFIED
uncategorized,,VFB02E,,,unsynchronized_uncategorized,directory_structure,UNVERIFIED
uncategorized,,VFB02F,,,unsynchronized_uncategorized,directory_structure,UNVERIFIED
uncategorized,,VFB02G,,,unsynchronized_uncategorized,directory_structure,UNVERIFIED
uncategorized,,VTA10,,,unsynchronized_uncategorized,directory_structure,UNVERIFIED
uncategorized,,VTA11,,,unsynchronized_uncategorized,directory_structure,UNVERIFIED
uncategorized,,VTA12,,,unsynchronized_uncategorized,directory_structure,UNVERIFIED
uncategorized,,VTA13,,,unsynchronized_uncategorized,directory_structure,UNVERIFIED
uncategorized,,VTA14,,,unsynchronized_uncategorized,directory_structure,UNVERIFIED
uncategorized,,VTA15,,,unsynchronized_uncategorized,directory_structure,UNVERIFIED
uncategorized,,VTA16,,,unsynchronized_uncategorized,directory_structure,UNVERIFIED
uncategorized,,VTA17,,,unsynchronized_uncategorized,directory_structure,UNVERIFIED
uncategorized,,VTA18,,,unsynchronized_uncategorized,directory_structure,UNVERIFIED
uncategorized,,VTA19,,,unsynchronized_uncategorized,directory_structure,UNVERIFIED
uncategorized,,VTA1A,,,unsynchronized_uncategorized,directory_structure,UNVERIFIED
uncategorized,,VTA1B,,,unsynchronized_uncategorized,directory_structure,UNVERIFIED
uncategorized,,VTA2,,,unsynchronized_uncategorized,directory_structure,UNVERIFIED
uncategorized,,VTA20,,,unsynchronized_uncategorized,directory_structure,UNVERIFIED
uncategorized,,VTA21,,,unsynchronized_uncategorized,directory_structure,UNVERIFIED
uncategorized,,VTA22,,,unsynchronized_uncategorized,directory_structure,UNVERIFIED
uncategorized,,VTA23,,,unsynchronized_uncategorized,directory_structure,UNVERIFIED
uncategorized,,VTA24,,,unsynchronized_uncategorized,directory_structure,UNVERIFIED
uncategorized,,VTA25,,,unsynchronized_uncategorized,directory_structure,UNVERIFIED
uncategorized,,VTA26,,,unsynchronized_uncategorized,directory_structure,UNVERIFIED
uncategorized,,VTA27,,,unsynchronized_uncategorized,directory_structure,UNVERIFIED
uncategorized,,VTA28,,,unsynchronized_uncategorized,directory_structure,UNVERIFIED
uncategorized,,VTA29,,,unsynchronized_uncategorized,directory_structure,UNVERIFIED
uncategorized,,VTA3,,,unsynchronized_uncategorized,directory_structure,UNVERIFIED
uncategorized,,VTA30,,,unsynchronized_uncategorized,directory_structure,UNVERIFIED
uncategorized,,VTA4,,,unsynchronized_uncategorized,directory_structure,UNVERIFIED
uncategorized,,VTA5,,,unsynchronized_uncategorized,directory_structure,UNVERIFIED
uncategorized,,VTA6,,,unsynchronized_uncategorized,directory_structure,UNVERIFIED
uncategorized,,VTA7,,,unsynchronized_uncategorized,directory_structure,UNVERIFIED
uncategorized,,VTA8,,,unsynchronized_uncategorized,directory_structure,UNVERIFIED
uncategorized,,VTA9,,,unsynchronized_uncategorized,directory_structure,UNVERIFIED
uncategorized,,VTB1,,,unsynchronized_uncategorized,directory_structure,UNVERIFIED
uncategorized,,VTB10,,,unsynchronized_uncategorized,directory_structure,UNVERIFIED
uncategorized,,VTB11,,,unsynchronized_uncategorized,directory_structure,UNVERIFIED
uncategorized,,VTB12,,,unsynchronized_uncategorized,directory_structure,UNVERIFIED
uncategorized,,VTB13,,,unsynchronized_uncategorized,directory_structure,UNVERIFIED
uncategorized,,VTB2,,,unsynchronized_uncategorized,directory_structure,UNVERIFIED
uncategorized,,VTB3,,,unsynchronized_uncategorized,directory_structure,UNVERIFIED
uncategorized,,VTB4,,,unsynchronized_uncategorized,directory_structure,UNVERIFIED
uncategorized,,VTB5,,,unsynchronized_uncategorized,directory_structure,UNVERIFIED
uncategorized,,VTB6,,,unsynchronized_uncategorized,directory_structure,UNVERIFIED
uncategorized,,VTB7,,,unsynchronized_uncategorized,directory_structure,UNVERIFIED
uncategorized,,VTB8,,,unsynchronized_uncategorized,directory_structure,UNVERIFIED
uncategorized,,VTB9,,,unsynchronized_uncategorized,directory_structure,UNVERIFIED
uncategorized,,VW1,,,unsynchronized_uncategorized,directory_structure,UNVERIFIED
uncategorized,,VW10,,,unsynchronized_uncategorized,directory_structure,UNVERIFIED
uncategorized,,VW11,,,unsynchronized_uncategorized,directory_structure,UNVERIFIED
uncategorized,,VW12,,,unsynchronized_uncategorized,directory_structure,UNVERIFIED
uncategorized,,VW13,,,unsynchronized_uncategorized,directory_structure,UNVERIFIED
uncategorized,,VW14A,,,unsynchronized_uncategorized,directory_structure,UNVERIFIED
uncategorized,,VW14B,,,unsynchronized_uncategorized,directory_structure,UNVERIFIED
uncategorized,,VW14C,,,unsynchronized_uncategorized,directory_structure,UNVERIFIED
uncategorized,,VW15,,,unsynchronized_uncategorized,directory_structure,UNVERIFIED
uncategorized,,VW16A,,,unsynchronized_uncategorized,directory_structure,UNVERIFIED
uncategorized,,VW16B,,,unsynchronized_uncategorized,directory_structure,UNVERIFIED
uncategorized,,VW17,,,unsynchronized_uncategorized,directory_structure,UNVERIFIED
uncategorized,,VW2,,,unsynchronized_uncategorized,directory_structure,UNVERIFIED
uncategorized,,VW3,,,unsynchronized_uncategorized,directory_structure,UNVERIFIED
uncategorized,,VW4,,,unsynchronized_uncategorized,directory_structure,UNVERIFIED
uncategorized,,VW5,,,unsynchronized_uncategorized,directory_structure,UNVERIFIED
uncategorized,,VW6,,,unsynchronized_uncategorized,directory_structure,UNVERIFIED
uncategorized,,VW7,,,unsynchronized_uncategorized,directory_structure,UNVERIFIED
uncategorized,,VW8,,,unsynchronized_uncategorized,directory_structure,UNVERIFIED
uncategorized,,VW9,,,unsynchronized_uncategorized,directory_structure,UNVERIFIED
uncategorized,,Y1,,,unsynchronized_uncategorized,directory_structure,UNVERIFIED
uncategorized,,Y2,,,unsynchronized_uncategorized,directory_structure,UNVERIFIED
