segment_id,session_id,source_file,status,sample_count,duration_s,measured_rate_hz,is_regular,duplicate_timestamp_rows,analysis_time_source,gravity_method,gravity_confidence,gravity_tilt_from_phone_z_deg,magnetometer_weight,magnetometer_issues,yaw_support,orientation_mean_confidence,orientation_skipped_steps,speed_reference,speed_valid_fraction,alignment_confidence,yaw_resolved,roll_deg,pitch_deg,yaw_deg,forward_correlation,forward_lag_s,gravity_residual_deg,longitudinal_correlation,lateral_correlation,dynamic_sample_count,seconds_per_sample,error
02929be6c896:000,VTA24,Unsynchronised V and S Dataset/Uncategorised IOVNB (V and S) Dataset/S-Dataset/S-Vta24.csv,SUCCESS,1171,117.001,10.000009536752259,True,0,wall_clock,gravity_channel,0.991,0.004639171079360558,0.3,dip inconsistent,observed,0.7135,0,ref_velocity_mps,0.9829,0.4199,True,-0.004107784396990198,0.0021559257082244244,-8.283438219932936,0.9812317208122897,4.4,8.607054116212333e-18,0.025336234266892955,-0.2668681568964451,236,0.00012362271562577754,
049ad3efce5a:000,VW5,Unsynchronised V and S Dataset/Uncategorised IOVNB (V and S) Dataset/S-Dataset/S-Vw5.csv,SUCCESS,1012,101.101,10.000009536752259,True,0,wall_clock,gravity_channel,0.9855,0.003420759516031493,0.3,dip inconsistent,observed,0.7095,0,ref_velocity_mps,1.0,0.1096,True,0.0005842651501516456,0.0033704940144186676,-31.894433126451595,0.5595859170392525,7.0,7.910311553245694e-19,0.007848935804243553,-0.1555520573916469,448,8.835079050747119e-05,
04b0ee07c4e4:000,VTA13,Unsynchronised V and S Dataset/Uncategorised IOVNB (V and S) Dataset/S-Dataset/S-Vta13.csv,INSUFFICIENT_MOTION,404,40.301,10.000009536752259,True,0,wall_clock,gravity_channel,0.9886,0.01827555994838669,0.7538,no issues detected,observed,0.8913,0,gnss_speed_mps,0.0149,0.0,False,0.01270769843896669,0.013134325054608754,,,0.0,,,,3,6.373094061693859e-05,
052bc3dacd0c:000,VTA19,Unsynchronised V and S Dataset/Uncategorised IOVNB (V and S) Dataset/S-Dataset/S-Vta19.csv,INSUFFICIENT_MOTION,292,29.101,10.000009536752259,True,0,wall_clock,gravity_channel,0.9885,0.0035104699732241454,0.9434,no issues detected,observed,0.9661,0,gnss_speed_mps,0.0137,0.0,False,0.003325490919209223,-0.0011245041487965882,,,0.0,,,,1,9.782089042869613e-05,
06ad03911f2d:000,VTB2,Unsynchronised V and S Dataset/Uncategorised IOVNB (V and S) Dataset/S-Dataset/S-Vtb2.csv,SUCCESS,5712,571.1,10.000009536752259,True,0,wall_clock,gravity_channel,0.9856,0.011731160845904776,0.0,"abrupt direction change, dip inconsistent",dead_reckoned,0.5,0,ref_velocity_mps,0.9928,0.1922,True,-0.0006594462056017359,-0.011712611386896797,63.43301958799735,0.7550371622553012,5.2,3.0216381383954396e-18,-0.006875561182408571,-0.17973514915968702,1700,6.110549719949336e-05,
07a93fc8421c:000,VW3,Synchronised V abd S datasets/Uncategorised IOVNB Dataset/S-Dataset/S-Vw3.csv,SUCCESS,3861,386.001,10.000009536752259,True,0,wall_clock,gravity_channel,0.9837,0.0034833468535959747,0.3,dip inconsistent,observed,0.7082,0,ref_velocity_mps,0.987,0.0821,True,0.0019457415106550122,-0.0028892551426587384,6.40523174679883,0.49467367409741353,-12.200000000000001,1.18848080742867e-18,-0.007111670864882808,-0.09711139621983009,1366,6.629746179460029e-05,
090a788528ac:000,I,Unsynchronised V and S Dataset/Uncategorised IOVNB (V and S) Dataset/S-Dataset/S-I.csv,INSUFFICIENT_MOTION,5800,579.9,10.000009536752259,True,2807,wall_clock,gravity_channel,0.9988,0.002676174301068414,0.3,abrupt direction change,observed,0.7191,2289,gnss_speed_mps,0.0005,0.0,False,0.000909628481193123,-0.0025168402643810923,,,0.0,,,,0,8.341463793024967e-05,
0be63d31a967:000,VW14B,Unsynchronised V and S Dataset/Uncategorised IOVNB (V and S) Dataset/S-Dataset/S-Vw14b.csv,SUCCESS,19588,1958.701,10.000009536752259,True,0,wall_clock,gravity_channel,0.986,0.00259517334121869,0.0,"abrupt direction change, dip inconsistent",dead_reckoned,0.5,0,ref_velocity_mps,1.0,0.2382,True,-0.002473400180552279,0.0007856310954892049,-65.1160129614664,0.8636697916287411,5.2,6.582334334014233e-18,-0.005189886347164331,-0.027493071272540904,3522,4.8962722075466934e-05,
0db4f806fa68:000,VW14B,Synchronised V abd S datasets/Uncategorised IOVNB Dataset/S-Dataset/S-Vw14b.csv,SUCCESS,19588,1958.701,10.000009536752259,True,0,wall_clock,gravity_channel,0.986,0.002595173341218689,0.0,"abrupt direction change, dip inconsistent",dead_reckoned,0.5,0,ref_velocity_mps,0.9996,0.2382,True,-0.0024734001805522764,0.0007856310954891928,-65.11601296146638,0.8636697916287411,5.2,6.242652719560442e-19,-0.005195554718590374,-0.02763562731861115,3522,4.85331427403952e-05,
0e1987018484:000,VTA24,Synchronised V abd S datasets/Uncategorised IOVNB Dataset/S-Dataset/S-Vta24.csv,SUCCESS,1171,117.001,10.000009536752259,True,0,wall_clock,gravity_channel,0.991,0.004639171079360556,0.3,dip inconsistent,observed,0.7135,0,ref_velocity_mps,0.9718,0.3923,True,-0.0041077843969901905,0.002155925708224427,-9.018944380076983,0.9805624852364127,4.6000000000000005,1.1614959301967083e-17,0.027080697159333294,-0.2711193316892466,234,0.0001144325362892629,
1048727c0ca2:000,VTB4,Synchronised V abd S datasets/Uncategorised IOVNB Dataset/S-Dataset/S-Vtb4.csv,INSUFFICIENT_MOTION,556,55.5,10.000009536752259,True,0,wall_clock,gravity_channel,0.9773,0.006931752261632186,0.0,"abrupt direction change, dip inconsistent",dead_reckoned,0.5,0,gnss_speed_mps,0.0108,0.0,False,0.0046405802446847005,0.005149194545486962,,,0.0,,,,0,5.539028779494663e-05,
159116d1f4d5:000,VTA27,Unsynchronised V and S Dataset/Uncategorised IOVNB (V and S) Dataset/S-Dataset/S-Vta27.csv,SUCCESS,2540,253.9,10.000009536752259,True,0,wall_clock,gravity_channel,0.9789,0.008219072139063591,0.9097,no issues detected,observed,0.9435,0,ref_velocity_mps,0.998,0.2327,True,-0.003685063006903362,-0.0073466630204948695,-90.74789856101104,0.8547759322527749,5.2,5.152665282007265e-17,-0.006927732380016875,-0.24583098730074368,704,6.767366141975512e-05,
1802cbfa0458:000,VTA10,Synchronised V abd S datasets/Uncategorised IOVNB Dataset/S-Dataset/S-Vta10.csv,SUCCESS,1502,150.1,10.000009536752259,True,0,wall_clock,gravity_channel,0.9855,0.00873147362686787,0.3,dip inconsistent,observed,0.7095,0,ref_velocity_mps,0.9687,0.1724,True,-0.006367398989119822,0.005974517717522725,78.28580920079601,0.7082451517426857,5.4,1.0325996088307444e-18,0.10476856077557863,-0.009117992526392773,631,7.005159787464138e-05,
19e3c80523ef:000,S3B,Unsynchronised V and S Dataset/Uncategorised IOVNB (V and S) Dataset/S-Dataset/S-S3b.csv,SUCCESS,6813,685.528,10.000009536752259,True,0,wall_clock,gravity_channel,0.9683,0.002675219105592451,0.0,"abrupt direction change, dip inconsistent",dead_reckoned,0.5,1,ref_velocity_mps,0.9974,0.0117,True,0.0026467713387479178,-0.00038909991443988683,-11.618786849789275,0.3281938006281418,-12.0,1.316193577707504e-19,0.006604262965221955,0.09441303916145836,3080,8.559170703117406e-05,
1a9d760bc7d2:000,VW9,Unsynchronised V and S Dataset/Uncategorised IOVNB (V and S) Dataset/S-Dataset/S-Vw9.csv,INSUFFICIENT_MOTION,552,55.101,10.000009536752259,True,0,wall_clock,gravity_channel,0.9844,0.01588866308974896,0.3,dip inconsistent,observed,0.7088,0,gnss_speed_mps,0.0127,0.0,False,-0.013434945845065585,0.008482443412043392,,,0.0,,,,1,7.263351448194084e-05,
1deac04dc111:000,VTA6,Synchronised V abd S datasets/Uncategorised IOVNB Dataset/S-Dataset/S-Vta6.csv,SUCCESS,1376,137.5,10.000009536752259,True,0,wall_clock,gravity_channel,0.9808,0.007734957460655138,0.8003,no issues detected,observed,0.9025,0,ref_velocity_mps,0.9876,0.1426,True,-0.0025107516351088217,0.007316125557916856,32.930966207311926,0.6393340363394721,3.8000000000000003,1.463939007759398e-18,-0.006220608076433182,0.029429311875937128,633,7.026438953649039e-05,
1fd3d11e1b31:000,A10,Unsynchronised V and S Dataset/Uncategorised IOVNB (V and S) Dataset/S-Dataset/S-A10.csv,SUCCESS,8886,4442.5,2.0,True,0,wall_clock,gravity_channel,0.7066,3.568914631069689,0.0,"abrupt direction change, unstable magnitude, dip inconsistent",dead_reckoned,0.5,1786,ref_velocity_mps,0.4451,0.5106,True,3.212814760254157,1.5548335659315768,-6.442195920114048,0.8849354591218961,1.4000000000000001,5.376656756547618e-15,0.45423120258341165,-0.6541763832445165,1085,6.89230812502578e-05,
202fab30375e:000,VTB10,Synchronised V abd S datasets/Uncategorised IOVNB Dataset/S-Dataset/S-Vtb10.csv,INSUFFICIENT_MOTION,196,19.5,10.000009536752259,True,0,wall_clock,gravity_channel,0.9801,0.009683016241067778,0.3,abrupt direction change,observed,0.7057,0,gnss_speed_mps,0.0153,0.0,False,0.0014040146855925722,-0.009580686108300096,,,0.0,,,,2,0.00010532295917593209,
2053e5e5c9a7:000,VTA20,Synchronised V abd S datasets/Uncategorised IOVNB Dataset/S-Dataset/S-Vta20.csv,SUCCESS,3223,322.2,10.000009536752259,True,0,wall_clock,gravity_channel,0.9927,0.0028227095739448644,0.3,dip inconsistent,observed,0.7147,0,ref_velocity_mps,0.9333,0.5987,True,0.001932062114477158,0.0020578691227206842,128.24089066271972,0.9838379124712968,6.6000000000000005,5.499141587741223e-19,-0.11718979350305475,-0.17889202440022708,194,0.00013223844244705587,
2155a872fe5a:000,T1,Unsynchronised V and S Dataset/Uncategorised IOVNB (V and S) Dataset/S-Dataset/S-T1.csv,SUCCESS,25759,738.379,999.8340882002384,False,17344,wall_clock,gravity_channel,0.8829,3.5435471764767144,0.0,unusable,dead_reckoned,0.5,10362,gnss_speed_mps,0.0094,0.0303,True,-0.7268766549837115,-3.4682881108739263,-168.54452958945294,0.3584052540519323,-0.2,5.014649532583125e-15,-0.0028431222801416174,0.24775501712161105,55,4.8562467486931924e-05,
228caace5149:000,VTA13,Synchronised V abd S datasets/Uncategorised IOVNB Dataset/S-Dataset/S-Vta13.csv,INSUFFICIENT_MOTION,404,40.301,10.000009536752259,True,0,wall_clock,gravity_channel,0.9886,0.01827555994838669,0.7538,no issues detected,observed,0.8913,0,gnss_speed_mps,0.0149,0.0,False,0.01270769843896669,0.013134325054608754,,,0.0,,,,3,7.190123761745889e-05,
25bba4c7024d:000,VTA16,Synchronised V abd S datasets/Uncategorised IOVNB Dataset/S-Dataset/S-Vta16.csv,SUCCESS,11335,1133.4,10.000009536752259,True,0,wall_clock,gravity_channel,0.9873,0.003007780652552791,0.3,dip inconsistent,observed,0.7109,0,ref_velocity_mps,0.9972,0.0471,True,-0.002380866189362157,-0.0018379936463893017,-101.46227040053678,0.4113236516774328,4.800000000000001,1.3436806578007111e-18,-0.026086855886148178,-0.0004822947527002293,3093,8.478008822160417e-05,
25e382fbbc34:000,VTA1A,Unsynchronised V and S Dataset/Uncategorised IOVNB (V and S) Dataset/S-Dataset/S-Vta1a.csv,SUCCESS,25676,2567.499,10.000009536752259,True,0,wall_clock,gravity_channel,0.9817,0.001239891495761968,0.0,"abrupt direction change, dip inconsistent",dead_reckoned,0.5,0,ref_velocity_mps,1.0,0.1662,True,0.0012261557415483206,-0.00018404624075516913,32.95712090571317,0.6950256694050146,0.8,1.1647373140542372e-19,0.18936848358344355,0.011973790746301111,10066,5.245193176497436e-05,
2671b8ec2301:000,VTA9,Unsynchronised V and S Dataset/Uncategorised IOVNB (V and S) Dataset/S-Dataset/S-Vta9.csv,INSUFFICIENT_MOTION,156,15.498,10.000009536752259,True,0,wall_clock,gravity_channel,0.881,0.02502236098514592,0.0,"abrupt direction change, dip inconsistent",dead_reckoned,0.5,0,gnss_speed_mps,0.0128,0.0,False,-0.007426856595231681,-0.023894776700835917,,,0.0,,,,1,6.637179486017722e-05,
274a8da537e3:000,S3A,Unsynchronised V and S Dataset/Uncategorised IOVNB (V and S) Dataset/S-Dataset/S-S3a.csv,SUCCESS,24621,2462.0,10.000009536752259,True,0,wall_clock,gravity_channel,0.9952,0.0006810481850988962,0.0,"abrupt direction change, dip inconsistent",dead_reckoned,0.5,0,ref_velocity_mps,0.997,0.0572,True,0.00025751882386158674,0.000630484484968601,27.916475833519094,0.4341730212853153,4.6000000000000005,2.7903192722631837e-19,0.013520095607829949,0.003871523541313772,7879,7.46289630803252e-05,
28161336944b:000,VTA30,Unsynchronised V and S Dataset/Uncategorised IOVNB (V and S) Dataset/S-Dataset/S-Vta30.csv,SUCCESS,17136,1713.5,10.000009536752259,True,0,wall_clock,gravity_channel,0.9901,0.0021121378020031835,0.0,"abrupt direction change, unstable magnitude, dip inconsistent",dead_reckoned,0.5,0,ref_velocity_mps,0.9992,0.1757,True,-0.0014211356798161086,-0.0015625298316208653,8.539177374214246,0.7139365980505405,5.2,8.455383077856649e-19,-0.015388393930870499,-0.021767137942929518,3886,7.100440009314928e-05,
2914b6a69096:000,VTB9,Unsynchronised V and S Dataset/Uncategorised IOVNB (V and S) Dataset/S-Dataset/S-Vtb9.csv,INSUFFICIENT_MOTION,452,45.099,10.000009536752259,True,0,wall_clock,gravity_channel,0.9864,0.021318466799730804,0.9438,no issues detected,observed,0.9642,0,gnss_speed_mps,0.0133,0.0,False,0.02007696165472895,-0.007168865984895948,,,0.0,,,,0,7.588340706641135e-05,
2addd6cdb9c9:000,A11,Unsynchronised V and S Dataset/Uncategorised IOVNB (V and S) Dataset/S-Dataset/S-A11.csv,INSUFFICIENT_MOTION,5155,2577.0,2.0,True,0,wall_clock,gravity_channel,0.9908,0.002197100200747835,0.0,"abrupt direction change, unstable magnitude, dip inconsistent",dead_reckoned,0.5,1837,gnss_speed_mps,0.0351,0.0,False,0.002102537382617527,0.0006376408447823038,,,0.0,,,,34,6.378087293940201e-05,
2c7f5ff63717:000,T9,Unsynchronised V and S Dataset/Uncategorised IOVNB (V and S) Dataset/S-Dataset/S-T9.csv,SUCCESS,79909,7990.717,10.000009536752259,True,0,wall_clock,gravity_channel,0.7944,2.9263659238898136,0.0,unusable,dead_reckoned,0.5,0,gnss_speed_mps,0.0092,0.0449,True,1.8854662790940035,2.238401966777491,-26.626639309486702,0.5030529030084849,0.0,9.031940467871126e-16,0.02931164222859813,0.812007436237075,104,8.058089827189883e-05,
31640a5f5290:000,A13,Unsynchronised V and S Dataset/Uncategorised IOVNB (V and S) Dataset/S-Dataset/S-A13.csv,MAG_DISTURBED,9184,4591.5,2.0,True,0,wall_clock,gravity_channel,0.9912,0.004847904791444788,0.0,"unstable magnitude, dip inconsistent",dead_reckoned,0.5,4535,gnss_speed_mps,0.0298,0.0,False,-0.0046834179066336514,0.0012521092533305204,,0.28278015601535206,0.0,,,,58,5.91117922457597e-05,
31906be512c4:000,VW10,Synchronised V abd S datasets/Uncategorised IOVNB Dataset/S-Dataset/S-Vw10.csv,SUCCESS,652,65.1,10.000009536752259,True,0,wall_clock,gravity_channel,0.9812,0.04784812738634792,0.3,dip inconsistent,observed,0.7065,0,ref_velocity_mps,0.9601,0.2679,True,-0.04784743618557267,0.00025718643647343,-30.379010152948908,0.937160577476799,2.2,8.823628674961701e-18,0.09834776660602741,-0.21099586844995874,305,7.633512270186193e-05,
3590c6ee231d:000,A8,Unsynchronised V and S Dataset/Uncategorised IOVNB (V and S) Dataset/S-Dataset/S-A8.csv,INSUFFICIENT_MOTION,66617,6661.6,10.000009536752259,True,0,wall_clock,gravity_channel,0.9831,0.009932283304555405,0.0,"abrupt direction change, dip inconsistent",dead_reckoned,0.5,0,ref_velocity_mps,0.0985,0.0,False,0.004701705492116647,-0.008748955210711677,,,0.0,,,,0,5.4104297701710115e-05,
35b361cd3f66:000,VTA26,Synchronised V abd S datasets/Uncategorised IOVNB Dataset/S-Dataset/S-Vta26.csv,SUCCESS,1935,193.4,10.000009536752259,True,0,wall_clock,gravity_channel,0.9852,0.005567783805344991,0.9151,no issues detected,observed,0.9517,0,ref_velocity_mps,0.9959,0.2582,True,-0.0045282833871900935,-0.0032395780728686724,-103.01160247864621,0.9114259095887074,3.4000000000000004,5.532265125267908e-19,0.04998082027343226,-0.2535924836561906,388,0.00011405943152440582,
392d0b39dc43:000,T8,Unsynchronised V and S Dataset/Uncategorised IOVNB (V and S) Dataset/S-Dataset/S-T8.csv,SUCCESS,48344,4833.806,10.000009536752259,True,4,wall_clock,gravity_channel,0.8239,15.233813134220929,0.0,unusable,dead_reckoned,0.5,3,gnss_speed_mps,0.0098,0.0533,True,-6.001226228571893,-14.027735204039224,-39.27025884513653,0.5903672215452239,10.4,6.030492732657529e-16,-0.0032946982498368656,0.7076084443897671,50,9.007856817783063e-05,
39c4ae392225:000,VW6,Synchronised V abd S datasets/Uncategorised IOVNB Dataset/S-Dataset/S-Vw6.csv,SUCCESS,1281,128.0,10.000009536752259,True,0,wall_clock,gravity_channel,0.9832,0.013372390099214773,0.3,dip inconsistent,observed,0.7079,0,ref_velocity_mps,0.975,0.1023,True,-0.005622834343123743,0.012132788277553291,-85.27561518837332,0.5427066158986199,-2.2,8.23840113743547e-18,0.07223166414979078,0.042719525459697545,498,7.732099923477882e-05,
3b82987cb99d:000,VTA3,Unsynchronised V and S Dataset/Uncategorised IOVNB (V and S) Dataset/S-Dataset/S-Vta3.csv,SUCCESS,645,64.4,10.000009536752259,True,0,wall_clock,gravity_channel,0.9935,0.008514823193916917,0.3,dip inconsistent,observed,0.7153,0,ref_velocity_mps,0.9721,0.1824,True,0.007767475287844085,0.003488343697364732,70.64111185900109,0.9820455680562249,4.4,4.422652912582186e-18,0.07663720811788624,0.14279086280887562,95,0.00014903069766646236,
3c912d93a732:000,VTB7,Unsynchronised V and S Dataset/Uncategorised IOVNB (V and S) Dataset/S-Dataset/S-Vtb7.csv,INSUFFICIENT_MOTION,461,46.001,10.000009536752259,True,0,wall_clock,gravity_channel,0.9891,0.007772776973007892,0.6873,no issues detected,observed,0.8653,0,gnss_speed_mps,0.013,0.0,False,-0.0034054467318270065,0.006987059072759013,,,0.0,,,,1,9.199934922549631e-05,
3db4ee68418f:000,VW12,Unsynchronised V and S Dataset/Uncategorised IOVNB (V and S) Dataset/S-Dataset/S-Vw12.csv,SUCCESS,918,91.7,10.000009536752259,True,0,wall_clock,gravity_channel,0.9837,0.003834947556233223,0.3,abrupt direction change,observed,0.7083,0,ref_velocity_mps,1.0,0.1194,True,-0.0035565184831939196,0.0014345727727802411,-73.7964026180689,0.7835002589240807,2.6,2.548723259141122e-18,-0.010399609591681656,-0.10215664573611939,77,6.639847494441151e-05,
4132d57199e8:000,VTB1,Unsynchronised V and S Dataset/Uncategorised IOVNB (V and S) Dataset/S-Dataset/S-Vtb1.csv,SUCCESS,32459,3245.799,10.000009536752259,True,6529,wall_clock,gravity_channel,0.9865,0.0010819641494930262,0.0,"abrupt direction change, unstable magnitude, dip inconsistent",dead_reckoned,0.5,5457,ref_velocity_mps,0.9989,0.0826,True,-0.0004449434528738691,-0.0009862412202663196,58.74664152743455,0.4954478944596387,4.6000000000000005,3.36303297516216e-19,-0.005692146157644536,-0.16093789047620746,9521,4.643138420763692e-05,
413a1f581614:000,VTA14,Unsynchronised V and S Dataset/Uncategorised IOVNB (V and S) Dataset/S-Dataset/S-Vta14.csv,SUCCESS,2885,288.4,10.000009536752259,True,0,wall_clock,gravity_channel,0.9852,0.0024841202392319245,0.0,"abrupt direction change, dip inconsistent",dead_reckoned,0.5,0,ref_velocity_mps,0.9868,0.1543,True,-0.002017284776756852,0.0014496259839334605,-26.655164049878948,0.6654331204488593,5.4,7.628306962859243e-20,-0.02220941156061671,-0.011153287567310734,655,6.0282218371085384e-05,
437e6ff31147:000,VTB6,Unsynchronised V and S Dataset/Uncategorised IOVNB (V and S) Dataset/S-Dataset/S-Vtb6.csv,INSUFFICIENT_MOTION,498,49.7,10.000009536752259,True,0,wall_clock,gravity_channel,0.9885,0.007117752898002607,0.3,abrupt direction change,observed,0.7117,0,gnss_speed_mps,0.012,0.0,False,0.006161737084968275,-0.0035630608276609136,,,0.0,,,,0,8.971084335428031e-05,
43dd8e5594fd:000,T7,Unsynchronised V and S Dataset/Uncategorised IOVNB (V and S) Dataset/S-Dataset/S-T7.csv,SUCCESS,101690,10170.086,10.000009536752259,True,0,wall_clock,gravity_channel,0.8639,3.8445483888042804,0.0,unusable,dead_reckoned,0.5,2,gnss_speed_mps,0.0106,0.1633,True,-1.9568850367279185,3.3098964307608956,-52.83885948073295,0.6123610154724058,10.8,5.019579470855567e-15,0.011702371294944725,0.7593793315761532,63,8.659906873838909e-05,
45a91123027b:000,S3C,Unsynchronised V and S Dataset/Uncategorised IOVNB (V and S) Dataset/S-Dataset/S-S3c.csv,MAG_DISTURBED,37183,3718.199,10.000009536752259,True,0,wall_clock,gravity_channel,0.9958,0.00018140881613090841,0.0,"abrupt direction change, unstable magnitude, dip inconsistent",dead_reckoned,0.5,0,ref_velocity_mps,0.9999,0.0,False,-7.524977085222641e-05,-0.0001650655341224092,,0.04328202921621979,0.0,,,,13263,8.715606056535064e-05,
4a3b9065b673:000,S4,Unsynchronised V and S Dataset/Uncategorised IOVNB (V and S) Dataset/S-Dataset/S-S4.csv,SUCCESS,94600,9773.105,10.000009536752259,True,0,wall_clock,gravity_channel,0.9879,0.000538610815027693,0.0,"abrupt direction change, dip inconsistent",dead_reckoned,0.5,2,ref_velocity_mps,0.9998,0.0338,True,-0.0005237428579060575,-0.00012567827520152801,48.704847571886155,0.3565818508248675,4.6000000000000005,9.431238185006054e-20,-0.0021164080746732344,-0.03135526829833508,33031,7.603747040179414e-05,
4e0f18c9aeea:000,Y1,Unsynchronised V and S Dataset/Uncategorised IOVNB (V and S) Dataset/S-Dataset/S-Y1.csv,MAG_DISTURBED,70285,7391.318,10.000009536752259,True,0,wall_clock,gravity_channel,0.9802,0.0026004054829205986,0.0,"abrupt direction change, unstable magnitude, dip inconsistent",dead_reckoned,0.5,3,ref_velocity_mps,0.9441,0.0,False,-0.0025970813223218027,0.0001314430708137248,,0.033354729582104704,0.0,,,,24400,7.186735149735911e-05,
4e255b689bb1:000,VTA20,Unsynchronised V and S Dataset/Uncategorised IOVNB (V and S) Dataset/S-Dataset/S-Vta20.csv,SUCCESS,3223,322.2,10.000009536752259,True,0,wall_clock,gravity_channel,0.9927,0.002822709573944864,0.3,dip inconsistent,observed,0.7147,0,ref_velocity_mps,0.9333,0.5987,True,0.001932062114477157,0.002057869122720684,128.24089066271972,0.983837912471297,6.6000000000000005,9.177658445888237e-19,-0.11718979350305475,-0.17889202440022708,194,0.00012989137449214802,
4eaf1873275a:000,S3C,Synchronised V abd S datasets/Uncategorised IOVNB Dataset/S-Dataset/S-S3c.csv,MAG_DISTURBED,37183,3718.199,10.000009536752259,True,0,wall_clock,gravity_channel,0.9958,0.00018140881613090828,0.0,"abrupt direction change, unstable magnitude, dip inconsistent",dead_reckoned,0.5,0,ref_velocity_mps,0.9989,0.0,False,-7.524977085222641e-05,-0.00016506553412240903,,0.04473859956540821,0.0,,,,13247,7.941325874769923e-05,
50a0ce6338f8:000,VTA19,Synchronised V abd S datasets/Uncategorised IOVNB Dataset/S-Dataset/S-Vta19.csv,INSUFFICIENT_MOTION,292,29.101,10.000009536752259,True,0,wall_clock,gravity_channel,0.9885,0.0035104699732241406,0.9434,no issues detected,observed,0.9661,0,gnss_speed_mps,0.0137,0.0,False,0.003325490919190139,-0.001124504148796586,,,0.0,,,,1,0.0001013965753273088,
51abe4136abb:000,VW2,Unsynchronised V and S Dataset/Uncategorised IOVNB (V and S) Dataset/S-Dataset/S-Vw2.csv,SUCCESS,52713,5271.199,10.000009536752259,True,0,wall_clock,gravity_channel,0.9861,0.0015578145455512633,0.0,"abrupt direction change, dip inconsistent",dead_reckoned,0.5,0,ref_velocity_mps,0.9995,0.1772,True,0.0006309941854251364,0.0014243007043362608,72.15776149891728,0.7192811258342537,4.6000000000000005,1.5377163773999932e-18,0.006291171558856409,-0.08592126706786413,9762,5.1173253277287855e-05,
538064be488d:000,VTB12,Unsynchronised V and S Dataset/Uncategorised IOVNB (V and S) Dataset/S-Dataset/S-Vtb12.csv,INSUFFICIENT_MOTION,447,44.601,10.000009536752259,True,0,wall_clock,gravity_channel,0.9907,0.005455319744909677,0.0,"abrupt direction change, dip inconsistent",dead_reckoned,0.5,0,gnss_speed_mps,0.0112,0.0,False,0.005374673916443508,-0.0009345554096020427,,,0.0,,,,1,7.116621922987036e-05,
53a4a5b9494e:000,VW8,Unsynchronised V and S Dataset/Uncategorised IOVNB (V and S) Dataset/S-Dataset/S-Vw8.csv,SUCCESS,1529,152.8,10.000009536752259,True,0,wall_clock,gravity_channel,0.984,0.007926394763140675,0.3,dip inconsistent,observed,0.7085,0,ref_velocity_mps,1.0,0.0517,True,-0.006757471901409437,0.004142982925669655,66.03143881813679,0.42252280749744636,7.800000000000001,4.349360411061801e-18,-0.009482790138216448,-0.0738350041234536,788,6.908822760415038e-05,
55296eaadaa7:000,VTA11,Synchronised V abd S datasets/Uncategorised IOVNB Dataset/S-Dataset/S-Vta11.csv,INSUFFICIENT_MOTION,510,50.9,10.000009536752259,True,0,wall_clock,gravity_channel,0.9877,0.005831808084076555,0.3,dip inconsistent,observed,0.7112,0,gnss_speed_mps,0.0118,0.0,False,0.0017092551244624868,0.005575700176495752,,,0.0,,,,2,7.42072548817697e-05,
5851902ce5d4:000,S2,Unsynchronised V and S Dataset/Uncategorised IOVNB (V and S) Dataset/S-Dataset/S-S2.csv,SUCCESS,93876,9388.608,10.000009536752259,True,0,wall_clock,gravity_channel,0.9846,0.0015428109577160394,0.0,"abrupt direction change, dip inconsistent",dead_reckoned,0.5,1,ref_velocity_mps,0.9998,0.0465,True,-0.001530758132181405,0.000192471275825766,5.841071412093225,0.4102647830472353,4.6000000000000005,2.3475701211403885e-18,-0.026930562675908428,-0.0752529540124602,34358,7.226244407528867e-05,
5a5de2c15ce2:000,VTA27,Synchronised V abd S datasets/Uncategorised IOVNB Dataset/S-Dataset/S-Vta27.csv,SUCCESS,2540,253.9,10.000009536752259,True,0,wall_clock,gravity_channel,0.9789,0.008219072139063591,0.9097,no issues detected,observed,0.9435,0,ref_velocity_mps,0.8819,0.2376,True,-0.003685063006903345,-0.0073466630204948305,-91.56501842036913,0.8663173693371822,3.6,1.8702426433842933e-18,0.026730640678313242,-0.2467539248344478,736,6.740106299279375e-05,
5b2fbe40e507:000,S3B,Synchronised V abd S datasets/Categorised IOVNB Dataset/S (Driver A)/S3b/S-S3b.csv,SUCCESS,6813,685.528,10.000009536752259,True,0,wall_clock,gravity_channel,0.9683,0.0026752191055924514,0.0,"abrupt direction change, dip inconsistent",dead_reckoned,0.5,1,ref_velocity_mps,0.9935,0.0116,True,0.0026467713387479178,-0.00038909991443988775,-10.94988503583332,0.3278350352105037,-12.0,2.1340492657788017e-19,0.0013630983675954607,0.09436291679587132,3081,7.530785263534463e-05,
5d09dd027359:000,VTA6,Unsynchronised V and S Dataset/Uncategorised IOVNB (V and S) Dataset/S-Dataset/S-Vta6.csv,SUCCESS,1376,137.5,10.000009536752259,True,0,wall_clock,gravity_channel,0.9808,0.007734957460655138,0.8003,no issues detected,observed,0.9025,0,ref_velocity_mps,0.9985,0.1437,True,-0.002510751635108822,0.007316125557916856,32.64344072082034,0.6419290670229938,3.8000000000000003,1.1826250741171248e-18,-0.023989251557735968,0.02948635911573878,630,6.957877907510455e-05,
5d699a3e20de:000,VTB6,Synchronised V abd S datasets/Uncategorised IOVNB Dataset/S-Dataset/S-Vtb6.csv,INSUFFICIENT_MOTION,498,49.7,10.000009536752259,True,0,wall_clock,gravity_channel,0.9885,0.0071177528980026165,0.3,abrupt direction change,observed,0.7117,0,gnss_speed_mps,0.012,0.0,False,0.006161737084945923,-0.0035630608276609166,,,0.0,,,,0,9.39022088806747e-05,
5edb201c6796:000,VW16B,Unsynchronised V and S Dataset/Uncategorised IOVNB (V and S) Dataset/S-Dataset/S-Vw16b.csv,SUCCESS,1126,112.501,10.000009536752259,True,0,wall_clock,gravity_channel,0.9842,0.01799216671376788,0.8874,no issues detected,observed,0.9399,0,ref_velocity_mps,1.0,0.6791,True,-0.016211062491581725,0.007805095616047677,35.720665946145466,0.9623028990297081,3.8000000000000003,5.2873576332717144e-18,-0.05753326247527556,-0.058044483987803264,525,7.416367673033478e-05,
62fb3e3d9457:000,VTA16,Unsynchronised V and S Dataset/Uncategorised IOVNB (V and S) Dataset/S-Dataset/S-Vta16.csv,SUCCESS,11335,1133.4,10.000009536752259,True,0,wall_clock,gravity_channel,0.9873,0.0030077806525527916,0.3,dip inconsistent,observed,0.7109,0,ref_velocity_mps,0.9993,0.0471,True,-0.002380866189362156,-0.0018379936463893036,-101.46227040053681,0.4113236516774328,4.800000000000001,2.0778007755358124e-19,-0.024875982406825987,0.00013316466679735088,3093,8.816445522690434e-05,
63dcb0fceb5e:000,VTA22,Synchronised V abd S datasets/Uncategorised IOVNB Dataset/S-Dataset/S-Vta22.csv,SUCCESS,1564,156.301,10.000009536752259,True,0,wall_clock,gravity_channel,0.9808,0.00749576183582327,0.3,dip inconsistent,observed,0.7062,0,ref_velocity_mps,0.9981,0.0994,True,-0.007449824607243449,-0.0008285884530716637,150.95150055385895,0.5365263905605164,-6.2,7.711734670017221e-19,-0.0016330172818882103,0.22750621936377957,721,7.102257033060913e-05,
65348172ad4e:000,VFA02,Unsynchronised V and S Dataset/Uncategorised IOVNB (V and S) Dataset/S-Dataset/S-Vfa02.csv,SUCCESS,67523,6752.201,10.000009536752259,True,0,wall_clock,gravity_channel,0.9893,0.0004923374669964591,0.0,"abrupt direction change, dip inconsistent",dead_reckoned,0.5,0,ref_velocity_mps,1.0,0.5757,True,-0.0004855768058752941,8.131019004156193e-05,68.91103455824741,0.8501508893912072,5.0,3.540215865010834e-19,-0.019463622537582704,-0.03291554632089516,9305,5.643918516660702e-05,
66355f866e3d:000,VW16B,Synchronised V abd S datasets/Uncategorised IOVNB Dataset/S-Dataset/S-Vw16b.csv,SUCCESS,1126,112.501,10.000009536752259,True,0,wall_clock,gravity_channel,0.9842,0.01799216671376788,0.8874,no issues detected,observed,0.9399,0,ref_velocity_mps,0.9671,0.6557,True,-0.016211062491581718,0.00780509561604766,35.68488036104089,0.9601536586515321,3.8000000000000003,1.8838856783964874e-18,-0.05805055168880649,-0.05138406781543998,528,6.96405861444017e-05,
6896dfad520b:000,VTB5,Unsynchronised V and S Dataset/Uncategorised IOVNB (V and S) Dataset/S-Dataset/S-Vtb5.csv,SUCCESS,64388,6438.701,10.000009536752259,True,0,wall_clock,gravity_channel,0.9889,0.0011502952159335067,0.0,"abrupt direction change, dip inconsistent",dead_reckoned,0.5,0,ref_velocity_mps,0.9986,0.1924,True,-0.0008369930796342856,0.0007890637924072537,47.41692983672552,0.7539110077314325,4.800000000000001,5.404309923012392e-20,0.0016936951398875786,-0.11304009850123366,16367,5.9231286885511775e-05,
68e3eeebef96:000,VW15,Synchronised V abd S datasets/Uncategorised IOVNB Dataset/S-Dataset/S-Vw15.csv,INSUFFICIENT_MOTION,1380,137.9,10.000009536752259,True,0,wall_clock,gravity_channel,0.9987,0.0009247422310808276,0.9224,no issues detected,observed,0.9677,0,ref_velocity_mps,1.0,0.0,False,0.000920417277605128,8.933212767512193e-05,,,0.0,,,,0,0.00014015659419954686,
6a95e9794088:000,T5,Unsynchronised V and S Dataset/Uncategorised IOVNB (V and S) Dataset/S-Dataset/S-T5.csv,MAG_DISTURBED,46387,2036.992,23.809492452926584,False,24697,wall_clock,gravity_channel,0.8548,11.226852211704935,0.0,unusable,dead_reckoned,0.5,14249,gnss_speed_mps,0.0089,0.0,False,-1.4902483700609064,11.12876320314573,,0.283871129304846,0.0,,,,78,6.135821027480328e-05,
6cf4b689fa81:000,VTB11,Synchronised V abd S datasets/Uncategorised IOVNB Dataset/S-Dataset/S-Vtb11.csv,INSUFFICIENT_MOTION,361,36.0,10.000009536752259,True,0,wall_clock,gravity_channel,0.9866,0.01793957780508973,0.3,abrupt direction change,observed,0.7103,0,gnss_speed_mps,0.0139,0.0,False,-0.017089316379701628,0.0054574461410788425,,,0.0,,,,0,0.00010262243768137073,
6d3b6e43afbe:000,VTB8,Unsynchronised V and S Dataset/Uncategorised IOVNB (V and S) Dataset/S-Dataset/S-Vtb8.csv,SUCCESS,668,66.7,10.000009536752259,True,0,wall_clock,gravity_channel,0.9865,0.010727592828677341,0.9477,no issues detected,observed,0.9659,0,ref_velocity_mps,1.0,0.1908,True,0.010575349556136272,-0.0018008969154973248,30.97528660825742,0.9797795429345753,2.2,1.0515308509661443e-18,0.0031249775453162745,-0.2896268843015611,110,0.0001539994011977116,
71453d0af0d3:000,M,Unsynchronised V and S Dataset/Uncategorised IOVNB (V and S) Dataset/S-Dataset/S-M.csv,SUCCESS,105974,10599.623,10.000009536752259,True,0,wall_clock,gravity_channel,0.987,0.001569534485289818,0.0,"abrupt direction change, unstable magnitude, dip inconsistent",dead_reckoned,0.5,2,ref_velocity_mps,0.9999,0.0949,True,-0.0013036523107188805,0.000874030407596398,31.008841014480915,0.5242537109779343,4.2,4.1496268185715813e-19,-0.019673822315884965,-0.07285677554948597,32765,9.766603317793564e-05,
751e3a387bd3:000,VW9,Synchronised V abd S datasets/Uncategorised IOVNB Dataset/S-Dataset/S-Vw9.csv,INSUFFICIENT_MOTION,552,55.101,10.000009536752259,True,0,wall_clock,gravity_channel,0.9844,0.01588866308974896,0.3,dip inconsistent,observed,0.7088,0,gnss_speed_mps,0.0127,0.0,False,-0.013434945845078332,0.008482443412043393,,,0.0,,,,1,6.885072463668673e-05,
7763df94e92d:000,A6,Unsynchronised V and S Dataset/Uncategorised IOVNB (V and S) Dataset/S-Dataset/S-A6.csv,INSUFFICIENT_MOTION,86034,8537.402,10.000009536752259,True,8,wall_clock,gravity_channel,0.9862,0.0020493912015677363,0.0,"abrupt direction change, unstable magnitude, dip inconsistent",dead_reckoned,0.5,4,ref_velocity_mps,0.09,0.0,False,-0.001905719966656316,0.0007538141056941281,,,0.0,,,,0,6.555120301284756e-05,
77dfd320c66a:000,VW16A,Synchronised V abd S datasets/Uncategorised IOVNB Dataset/S-Dataset/S-Vw16a.csv,SUCCESS,5879,587.799,10.000009536752259,True,0,wall_clock,gravity_channel,0.9861,0.00894440049440462,0.0,"abrupt direction change, dip inconsistent",dead_reckoned,0.5,0,ref_velocity_mps,0.9758,0.7732,True,0.0009401501013461205,-0.008894853455698171,37.779230472077444,0.9369807858273689,4.4,2.591916085856821e-16,0.0330112686098557,-0.20600731106430237,1569,5.600954243776026e-05,
79a3cb847acd:000,VTA25,Synchronised V abd S datasets/Uncategorised IOVNB Dataset/S-Dataset/S-Vta25.csv,INSUFFICIENT_MOTION,646,64.498,10.000009536752259,True,0,wall_clock,gravity_channel,0.9926,0.0006010462444472649,0.3,dip inconsistent,observed,0.7147,0,gnss_speed_mps,0.0093,0.0,False,0.00026771019266779046,-0.0005381336643405494,,,0.0,,,,1,0.00012250448914187824,
79d0af64caf8:000,VW14C,Unsynchronised V and S Dataset/Uncategorised IOVNB (V and S) Dataset/S-Dataset/S-Vw14c.csv,SUCCESS,15826,1582.5,10.000009536752259,True,0,wall_clock,gravity_channel,0.9889,0.0016312296307335495,0.0,"abrupt direction change, dip inconsistent",dead_reckoned,0.5,0,ref_velocity_mps,1.0,0.0985,True,-4.954376199024964e-05,0.0016304770847306107,-8.820728456028085,0.5324132360465239,4.2,1.8607214234446514e-18,-0.009001906963301385,-0.12897044266052363,5330,6.398130291872662e-05,
7a8bd69ead89:000,VTB3,Unsynchronised V and S Dataset/Uncategorised IOVNB (V and S) Dataset/S-Dataset/S-Vtb3.csv,SUCCESS,8240,823.9,10.000009536752259,True,0,wall_clock,gravity_channel,0.9943,0.0017047423714073987,0.0,"abrupt direction change, dip inconsistent",dead_reckoned,0.5,0,ref_velocity_mps,1.0,0.2209,True,0.0010044426767490738,-0.001377403884919466,33.476789137962875,0.9613760216547359,3.8000000000000003,4.880910488886136e-19,0.023491060488858687,-0.26881670149104475,160,8.857606796120256e-05,
7aff2d8777e0:000,VTA5,Unsynchronised V and S Dataset/Uncategorised IOVNB (V and S) Dataset/S-Dataset/S-Vta5.csv,INSUFFICIENT_MOTION,307,30.6,10.000009536752259,True,0,wall_clock,gravity_channel,0.9879,0.004919888708717705,0.7461,no issues detected,observed,0.8875,0,gnss_speed_mps,0.013,0.0,False,-0.0030678567281832952,-0.0038462397241640165,,,0.0,,,,2,9.347166121309375e-05,
7bd4640e4db3:000,VTA2,Unsynchronised V and S Dataset/Uncategorised IOVNB (V and S) Dataset/S-Dataset/S-Vta2.csv,SUCCESS,10991,1098.998,10.000009536752259,True,0,wall_clock,gravity_channel,0.9838,0.0003231683243952348,0.0,"abrupt direction change, dip inconsistent",dead_reckoned,0.5,0,ref_velocity_mps,0.9999,0.1782,True,0.0001247634043470292,-0.0002981138353520411,11.643937976141217,0.7227149339470569,0.6000000000000001,8.623861443584399e-20,0.21344390082465878,-0.01467051416788474,4250,6.066958420603539e-05,
7d5d51193b78:000,VTA15,Unsynchronised V and S Dataset/Uncategorised IOVNB (V and S) Dataset/S-Dataset/S-Vta15.csv,SUCCESS,833,83.2,10.000009536752259,True,0,wall_clock,gravity_channel,0.9861,0.0029336689237811327,0.9337,no issues detected,observed,0.96,0,ref_velocity_mps,1.0,0.1111,True,-0.0013733365951558597,0.0025923657056927505,-111.60293802068728,0.7060276650409526,3.0,3.2476932749783984e-18,-0.008318351180236773,-0.0056135808100948766,103,8.885810323034962e-05,
7f899dfeb1c3:000,VW8,Synchronised V abd S datasets/Uncategorised IOVNB Dataset/S-Dataset/S-Vw8.csv,SUCCESS,1529,152.8,10.000009536752259,True,0,wall_clock,gravity_channel,0.984,0.007926394763140675,0.3,dip inconsistent,observed,0.7085,0,ref_velocity_mps,0.9712,0.0497,True,-0.006757471901409438,0.004142982925669657,66.80777845841816,0.41777181781415845,7.800000000000001,5.603486373696513e-19,-0.008658406613588883,-0.07926241954675368,788,7.0706474821816e-05,
819c5c4bb272:000,S1,Synchronised V abd S datasets/Uncategorised IOVNB Dataset/S-Dataset/S-S1.csv,SUCCESS,51746,5174.499,10.000009536752259,True,0,wall_clock,gravity_channel,0.9912,0.0010138184939156379,0.0,"abrupt direction change, unstable magnitude, dip inconsistent",dead_reckoned,0.5,0,ref_velocity_mps,0.9992,0.2001,True,0.00020272868856697555,0.0009933423465459453,43.71717987139044,0.6482206544360524,4.6000000000000005,1.4347447478491836e-20,-0.04207849601011877,-0.0631085976994413,18813,7.517349746817285e-05,
82e456eb6e00:000,VTA11,Unsynchronised V and S Dataset/Uncategorised IOVNB (V and S) Dataset/S-Dataset/S-Vta11.csv,INSUFFICIENT_MOTION,510,50.9,10.000009536752259,True,0,wall_clock,gravity_channel,0.9877,0.005831808084076556,0.3,dip inconsistent,observed,0.7112,0,gnss_speed_mps,0.0118,0.0,False,0.0017092551244783905,0.005575700176495753,,,0.0,,,,2,7.3578627466215e-05,
836db6cc3414:000,VW14A,Synchronised V abd S datasets/Uncategorised IOVNB Dataset/S-Dataset/S-Vw14a.csv,SUCCESS,3138,313.7,10.000009536752259,True,0,wall_clock,gravity_channel,0.9844,0.00650569969643772,0.0,"abrupt direction change, dip inconsistent",dead_reckoned,0.5,0,ref_velocity_mps,0.9955,0.2591,True,-0.0064157579282287545,-0.0010780439469043593,-80.41222348653945,0.9141176547822505,4.0,5.568412109419765e-19,-0.0018658786431866741,-0.03483108829351005,801,4.4073900571072186e-05,
85be9e57dfa6:000,VW15,Unsynchronised V and S Dataset/Uncategorised IOVNB (V and S) Dataset/S-Dataset/S-Vw15.csv,INSUFFICIENT_MOTION,1380,137.9,10.000009536752259,True,0,wall_clock,gravity_channel,0.9987,0.0009247422310808286,0.9224,no issues detected,observed,0.9677,0,ref_velocity_mps,1.0,0.0,False,0.0009204172776178507,8.933212767512277e-05,,,0.0,,,,0,0.00013850920288899468,
87c795b6c20e:000,VTB11,Unsynchronised V and S Dataset/Uncategorised IOVNB (V and S) Dataset/S-Dataset/S-Vtb11.csv,INSUFFICIENT_MOTION,361,36.0,10.000009536752259,True,0,wall_clock,gravity_channel,0.9866,0.01793957780508973,0.3,abrupt direction change,observed,0.7103,0,gnss_speed_mps,0.0139,0.0,False,-0.017089316379692656,0.005457446141078849,,,0.0,,,,0,7.797174518179778e-05,
887c7597bd65:000,A9,Unsynchronised V and S Dataset/Uncategorised IOVNB (V and S) Dataset/S-Dataset/S-A9.csv,SUCCESS,11962,5980.499,2.0,True,0,wall_clock,gravity_channel,0.7719,1.152654457199995,0.0,"abrupt direction change, unstable magnitude, dip inconsistent",dead_reckoned,0.5,3578,ref_velocity_mps,0.4089,0.6138,True,0.42647218559754513,-1.0708664488229023,1.3821071562121854,0.9141418435546349,1.4000000000000001,4.788172867292864e-15,0.5118153921146517,-0.4855721541876759,1179,5.428041297626652e-05,
8a6e2591b451:000,A1,Unsynchronised V and S Dataset/Uncategorised IOVNB (V and S) Dataset/S-Dataset/S-A1.csv,INSUFFICIENT_MOTION,5942,2970.605,2.0,True,0,wall_clock,gravity_channel,0.9642,0.03381261938829675,0.0,"abrupt direction change, unstable magnitude, dip inconsistent",dead_reckoned,0.5,1497,gnss_speed_mps,0.004,0.0,False,0.00750622612081967,0.03296892181341806,,,0.0,,,,5,5.547261864787566e-05,
8aa3df49db9b:000,VTA21,Synchronised V abd S datasets/Uncategorised IOVNB Dataset/S-Dataset/S-Vta21.csv,SUCCESS,2079,207.8,10.000009536752259,True,0,wall_clock,gravity_channel,0.9788,0.006726384703426794,0.3,dip inconsistent,observed,0.7047,0,ref_velocity_mps,0.9745,0.1574,True,-0.005920301514968372,-0.0031928484440446603,-22.482127382945542,0.6751529860760966,4.800000000000001,1.997802002133656e-17,-0.0055248196864740515,-0.1877970661913784,888,6.91847522828608e-05,
8e085465f038:000,S3A,Synchronised V abd S datasets/Uncategorised IOVNB Dataset/S-Dataset/S-S3a.csv,SUCCESS,24621,2462.0,10.000009536752259,True,0,wall_clock,gravity_channel,0.9952,0.0006810481850988963,0.0,"abrupt direction change, dip inconsistent",dead_reckoned,0.5,0,ref_velocity_mps,0.9954,0.0566,True,0.0002575188238615875,0.000630484484968601,28.160988415059936,0.43267517403690725,4.6000000000000005,1.0764945362666149e-19,0.008751674202067081,0.0038548475821267524,7886,7.298523618076137e-05,
96b4949e2c7d:000,A7,Unsynchronised V and S Dataset/Uncategorised IOVNB (V and S) Dataset/S-Dataset/S-A7.csv,INSUFFICIENT_MOTION,43872,4387.1,10.000009536752259,True,0,wall_clock,gravity_channel,0.9885,0.0020646547138813585,0.0,"abrupt direction change, unstable magnitude, dip inconsistent",dead_reckoned,0.5,0,ref_velocity_mps,0.0985,0.0,False,0.0020559368562685777,-0.00018953292740090042,,,0.0,,,,0,6.052843499250154e-05,
97658ff6d1e6:000,VTA15,Synchronised V abd S datasets/Uncategorised IOVNB Dataset/S-Dataset/S-Vta15.csv,SUCCESS,833,83.2,10.000009536752259,True,0,wall_clock,gravity_channel,0.9861,0.0029336689237811314,0.9337,no issues detected,observed,0.96,0,ref_velocity_mps,0.9976,0.1111,True,-0.0013733365951558647,0.0025923657056927526,-111.60293802068728,0.7060276650409526,3.0,7.141933386478921e-18,-0.008289899584570302,-0.006290053462413602,103,8.72249699796976e-05,
9809c567bbe8:000,VTA12,Unsynchronised V and S Dataset/Uncategorised IOVNB (V and S) Dataset/S-Dataset/S-Vta12.csv,SUCCESS,610,60.9,10.000009536752259,True,0,wall_clock,gravity_channel,0.9895,0.008740564266510481,0.7048,no issues detected,observed,0.8727,0,ref_velocity_mps,0.9967,0.3526,True,0.007877950990331277,0.0037862054858756673,-0.795226611647239,0.9521223743538275,8.4,1.9934764839151064e-17,-0.031932842532314466,0.0751692449566564,329,9.570639348134673e-05,
9837d2ebc699:000,VTB7,Synchronised V abd S datasets/Uncategorised IOVNB Dataset/S-Dataset/S-Vtb7.csv,INSUFFICIENT_MOTION,461,46.001,10.000009536752259,True,0,wall_clock,gravity_channel,0.9891,0.007772776973007892,0.6873,no issues detected,observed,0.8653,0,gnss_speed_mps,0.013,0.0,False,-0.0034054467318270065,0.006987059072759013,,,0.0,,,,1,8.665466378215668e-05,
9879c75d65da:000,VTA8,Unsynchronised V and S Dataset/Uncategorised IOVNB (V and S) Dataset/S-Dataset/S-Vta8.csv,SUCCESS,3676,367.5,10.000009536752259,True,0,wall_clock,gravity_channel,0.9881,0.0031711394839466496,0.3,dip inconsistent,observed,0.7114,0,ref_velocity_mps,0.9951,0.2156,True,0.002151726049999085,0.002329420665090735,-0.9697704674890735,0.7374786648014169,5.2,1.2076146298106408e-17,-0.05622434288463701,0.025727258293635192,1054,9.914306311014841e-05,
99845be37ef3:000,A4,Unsynchronised V and S Dataset/Uncategorised IOVNB (V and S) Dataset/S-Dataset/S-A4.csv,INSUFFICIENT_MOTION,32829,3282.8,10.000009536752259,True,0,wall_clock,gravity_channel,0.9845,0.00590678678837673,0.0,"abrupt direction change, dip inconsistent",dead_reckoned,0.5,0,ref_velocity_mps,0.0963,0.0,False,-0.0019294813554269388,0.005582762029156171,,,0.0,,,,0,6.52568156202645e-05,
9a03b6e9ec4a:000,VW3,Unsynchronised V and S Dataset/Uncategorised IOVNB (V and S) Dataset/S-Dataset/S-Vw3.csv,SUCCESS,3861,386.001,10.000009536752259,True,0,wall_clock,gravity_channel,0.9837,0.003483346853595975,0.3,dip inconsistent,observed,0.7082,0,ref_velocity_mps,1.0,0.0803,True,0.0019457415106549998,-0.0028892551426587375,6.821885096482128,0.4903767693043693,-12.200000000000001,7.1608688394295e-18,-0.00775414132797369,-0.0959071883091205,1376,6.886482776538366e-05,
9b6078292366:000,VTA23,Synchronised V abd S datasets/Uncategorised IOVNB Dataset/S-Dataset/S-Vta23.csv,SUCCESS,1110,110.9,10.000009536752259,True,0,wall_clock,gravity_channel,0.982,0.0006044128541696007,0.3,dip inconsistent,observed,0.707,0,ref_velocity_mps,0.9919,0.2743,True,-0.00036793167491934735,0.00047952182523806246,13.718312093464146,0.9518382737836346,3.0,9.825680849219902e-18,0.06087867289733614,-0.13286667989567028,376,7.491342344233212e-05,
9c89e57dc456:000,T3,Unsynchronised V and S Dataset/Uncategorised IOVNB (V and S) Dataset/S-Dataset/S-T3.csv,SUCCESS,65859,6469.241,10.000009536752259,True,1111,wall_clock,gravity_channel,0.8454,6.818357501902805,0.0,unusable,dead_reckoned,0.5,678,gnss_speed_mps,0.0109,0.0729,True,-5.447337914224091,-4.106991413555474,94.07697242408359,0.6131673528621564,0.0,4.431505616704897e-15,0.031215726653597512,-0.6271076136399132,101,7.507019541733536e-05,
9e3fc03408f1:000,VTB10,Unsynchronised V and S Dataset/Uncategorised IOVNB (V and S) Dataset/S-Dataset/S-Vtb10.csv,INSUFFICIENT_MOTION,196,19.5,10.000009536752259,True,0,wall_clock,gravity_channel,0.9801,0.009683016241067785,0.3,abrupt direction change,observed,0.7057,0,gnss_speed_mps,0.0153,0.0,False,0.0014040146855766684,-0.009580686108300101,,,0.0,,,,2,0.00010311683670769692,
a3979f48728a:000,VTA7,Synchronised V abd S datasets/Uncategorised IOVNB Dataset/S-Dataset/S-Vta7.csv,SUCCESS,840,83.9,10.000009536752259,True,0,wall_clock,gravity_channel,0.9834,0.004875837447887375,0.0,"abrupt direction change, dip inconsistent",dead_reckoned,0.5,0,ref_velocity_mps,0.9714,0.2487,True,0.0015107489753450355,-0.004635884851535401,-8.132056987251863,0.8900635153562033,4.0,7.713824245904973e-18,0.28156533731684036,-0.0230477309343856,526,6.171059522741762e-05,
a5d4d99847a8:000,VTA10,Unsynchronised V and S Dataset/Uncategorised IOVNB (V and S) Dataset/S-Dataset/S-Vta10.csv,SUCCESS,1502,150.1,10.000009536752259,True,0,wall_clock,gravity_channel,0.9855,0.008731473626867867,0.3,dip inconsistent,observed,0.7095,0,ref_velocity_mps,1.0,0.1728,True,-0.00636739898911981,0.005974517717522723,77.66953926385855,0.7090948639360202,5.6000000000000005,1.5959459735963188e-18,0.09002601014363061,-0.013642796776296394,647,7.209920107327171e-05,
aa2774bec039:000,VW7,Unsynchronised V and S Dataset/Uncategorised IOVNB (V and S) Dataset/S-Dataset/S-Vw7.csv,SUCCESS,1602,160.099,10.000009536752259,True,0,wall_clock,gravity_channel,0.9847,0.010706713104074315,0.3,dip inconsistent,observed,0.709,0,ref_velocity_mps,1.0,0.0351,True,-0.00998905392934002,0.0038538950738408184,159.30506471864587,0.38325829888406093,-14.600000000000001,2.187718239186682e-18,-0.003532353741898609,0.03165006260807578,783,8.061716604122389e-05,
aad875202b39:000,VW5,Synchronised V abd S datasets/Uncategorised IOVNB Dataset/S-Dataset/S-Vw5.csv,SUCCESS,1012,101.101,10.000009536752259,True,0,wall_clock,gravity_channel,0.9855,0.0034207595160314916,0.3,dip inconsistent,observed,0.7095,0,ref_velocity_mps,0.9684,0.2378,True,0.0005842651501516396,0.003370494014418658,-31.81642723572868,0.6762133578333952,6.4,7.661781832136918e-18,0.004561661398612806,-0.16828551066653435,427,8.56369565284292e-05,
abd8373222ff:000,VW17,Unsynchronised V and S Dataset/Uncategorised IOVNB (V and S) Dataset/S-Dataset/S-Vw17.csv,INSUFFICIENT_MOTION,329,32.801,10.000009536752259,True,0,wall_clock,gravity_channel,0.9875,0.002884685562711845,0.943,no issues detected,observed,0.9649,0,gnss_speed_mps,0.0122,0.0,False,0.0013176998993592976,-0.002566140637635079,,,0.0,,,,0,7.685349542416892e-05,
ac7c45d5dfb9:000,VTA7,Unsynchronised V and S Dataset/Uncategorised IOVNB (V and S) Dataset/S-Dataset/S-Vta7.csv,SUCCESS,840,83.9,10.000009536752259,True,0,wall_clock,gravity_channel,0.9834,0.004875837447887375,0.0,"abrupt direction change, dip inconsistent",dead_reckoned,0.5,0,ref_velocity_mps,0.9893,0.2495,True,0.0015107489753450427,-0.004635884851535401,-8.384657767472644,0.8921343705022631,4.0,1.036787655323758e-18,0.28621507201011653,-0.02155665824636965,527,5.87528571313236e-05,
ade9b3d779ac:000,VTA28,Unsynchronised V and S Dataset/Uncategorised IOVNB (V and S) Dataset/S-Dataset/S-Vta28.csv,LOW_HEADING_CONFIDENCE,4210,420.9,10.000009536752259,True,0,wall_clock,gravity_channel,0.9811,0.006196973798271555,0.3,dip inconsistent,observed,0.7064,0,ref_velocity_mps,0.9888,0.0,False,-0.004055474481386272,-0.004685681489813792,,0.22657067410840076,0.0,,,,2006,7.707441805374107e-05,
ae588bfe13db:000,VW7,Synchronised V abd S datasets/Uncategorised IOVNB Dataset/S-Dataset/S-Vw7.csv,SUCCESS,1602,160.099,10.000009536752259,True,0,wall_clock,gravity_channel,0.9847,0.010706713104074317,0.3,dip inconsistent,observed,0.709,0,ref_velocity_mps,1.0,0.002,True,-0.009989053929340016,0.0038538950738408193,64.3749900817032,0.3047082101140654,-6.4,2.9706233015278108e-18,-0.073797730706963,-0.12301775059336442,844,7.774288389008008e-05,
b15d7dcaa47b:000,S1,Unsynchronised V and S Dataset/Uncategorised IOVNB (V and S) Dataset/S-Dataset/S-S1.csv,SUCCESS,51746,5174.499,10.000009536752259,True,0,wall_clock,gravity_channel,0.9912,0.001013818493915638,0.0,"abrupt direction change, unstable magnitude, dip inconsistent",dead_reckoned,0.5,0,ref_velocity_mps,1.0,0.1966,True,0.00020272868856697522,0.0009933423465459453,43.8346148740049,0.6485167475748872,4.6000000000000005,1.9847082555478102e-20,-0.04179421670996121,-0.06315016907040921,18835,7.61441541373703e-05,
b3afee4fde18:000,VTA4,Synchronised V abd S datasets/Uncategorised IOVNB Dataset/S-Dataset/S-Vta4.csv,SUCCESS,1789,178.799,10.000009536752259,True,0,wall_clock,gravity_channel,0.9824,0.0055118164531128494,0.3,dip inconsistent,observed,0.7073,0,ref_velocity_mps,0.9721,0.185,True,0.005440982506616436,0.0008808121126730549,4.139863246555051,0.7393439354096182,7.2,1.3668789733092669e-18,-0.10949029476341693,0.08850896510348387,449,7.30171045253955e-05,
b3cfa0685988:000,T4,Unsynchronised V and S Dataset/Uncategorised IOVNB (V and S) Dataset/S-Dataset/S-T4.csv,SUCCESS,73482,3580.236,10.101012436301284,False,36027,wall_clock,gravity_channel,0.7793,1.6955885996277826,0.0,unusable,dead_reckoned,0.5,20916,gnss_speed_mps,0.0088,0.0002,True,-0.6417006268746798,1.569504382730092,-2.3402703223644425,0.3009890378294442,0.0,5.490995558816027e-16,0.008347158124812,0.8224308793034016,83,5.654046705303593e-05,
b5f5d659485e:000,VTB5,Synchronised V abd S datasets/Uncategorised IOVNB Dataset/S-Dataset/S-Vtb5.csv,SUCCESS,64388,6438.701,10.000009536752259,True,0,wall_clock,gravity_channel,0.9889,0.001150295215933507,0.0,"abrupt direction change, dip inconsistent",dead_reckoned,0.5,0,ref_velocity_mps,0.9953,0.1931,True,-0.0008369930796342855,0.0007890637924072543,47.598758618943904,0.755648911212331,3.6,1.5524895189733113e-19,0.008831453971992316,-0.11359738472325791,16523,5.875985897984621e-05,
b771523b2a83:000,VTA8,Synchronised V abd S datasets/Uncategorised IOVNB Dataset/S-Dataset/S-Vta8.csv,SUCCESS,3676,367.5,10.000009536752259,True,0,wall_clock,gravity_channel,0.9881,0.0031711394839466487,0.3,dip inconsistent,observed,0.7114,0,ref_velocity_mps,0.9897,0.3103,True,0.002151726049999184,0.0023294206650907364,-0.697967510633924,0.749770990265635,5.4,8.383710616964307e-17,-0.04865948464581361,0.025590798173786553,1026,9.893335146553712e-05,
b898b14918ea:000,VTA23,Unsynchronised V and S Dataset/Uncategorised IOVNB (V and S) Dataset/S-Dataset/S-Vta23.csv,SUCCESS,1110,110.9,10.000009536752259,True,0,wall_clock,gravity_channel,0.982,0.0006044128541695977,0.3,dip inconsistent,observed,0.707,0,ref_velocity_mps,1.0,0.2559,True,-0.00036793167491935055,0.000479521825238061,10.75584587301493,0.9080983122806591,3.4000000000000004,1.0985754558022848e-19,0.06711147568708326,-0.13123176751779153,372,7.312324325195388e-05,
b98958cc351e:000,VTA1B,Unsynchronised V and S Dataset/Uncategorised IOVNB (V and S) Dataset/S-Dataset/S-Vta1b.csv,SUCCESS,954,95.3,10.000009536752259,True,0,wall_clock,gravity_channel,0.98,0.005052798737735229,0.7569,no issues detected,observed,0.8847,0,ref_velocity_mps,1.0,0.2559,True,0.004089291955792974,-0.0029679060630859004,-7.652973323809226,0.909175547239516,0.6000000000000001,9.293398502624385e-18,0.39001596868378197,0.17638413280579338,538,7.257348007219405e-05,
bb4a6ff8b36a:000,VTA14,Synchronised V abd S datasets/Uncategorised IOVNB Dataset/S-Dataset/S-Vta14.csv,SUCCESS,2885,288.4,10.000009536752259,True,0,wall_clock,gravity_channel,0.9852,0.0024841202392319266,0.0,"abrupt direction change, dip inconsistent",dead_reckoned,0.5,0,ref_velocity_mps,0.9844,0.1537,True,-0.0020172847767568527,0.001449625983933462,-26.882406946527098,0.6640380297998028,5.4,1.6929073780350893e-18,-0.022432392726598145,-0.010351500450443862,651,5.484166377759902e-05,
bd191de76af1:000,VTB4,Unsynchronised V and S Dataset/Uncategorised IOVNB (V and S) Dataset/S-Dataset/S-Vtb4.csv,INSUFFICIENT_MOTION,556,55.5,10.000009536752259,True,0,wall_clock,gravity_channel,0.9773,0.0069317522616321875,0.0,"abrupt direction change, dip inconsistent",dead_reckoned,0.5,0,gnss_speed_mps,0.0108,0.0,False,0.0046405802446822485,0.005149194545486964,,,0.0,,,,0,5.285971222312203e-05,
c33f936d8de8:000,VW14A,Unsynchronised V and S Dataset/Uncategorised IOVNB (V and S) Dataset/S-Dataset/S-Vw14a.csv,SUCCESS,3138,313.7,10.000009536752259,True,0,wall_clock,gravity_channel,0.9844,0.006505699696437718,0.0,"abrupt direction change, dip inconsistent",dead_reckoned,0.5,0,ref_velocity_mps,0.9959,0.2591,True,-0.006415757928228752,-0.0010780439469043586,-80.41222348653945,0.9141176547822505,4.0,1.2420108672523735e-18,-0.0016754650374851525,-0.034741801495426924,801,4.3879987248602406e-05,
c352dd554b95:000,VW14C,Synchronised V abd S datasets/Uncategorised IOVNB Dataset/S-Dataset/S-Vw14c.csv,SUCCESS,15826,1582.5,10.000009536752259,True,0,wall_clock,gravity_channel,0.9889,0.0016312296307335506,0.0,"abrupt direction change, dip inconsistent",dead_reckoned,0.5,0,ref_velocity_mps,0.9988,0.099,True,-4.954376199025113e-05,0.0016304770847306116,-8.599464700610643,0.5335707702900667,4.2,2.69421450699474e-18,-0.008555302143230904,-0.12860679164173447,5319,6.36630355110056e-05,
c3e5f69ec8f4:000,VW13,Synchronised V abd S datasets/Uncategorised IOVNB Dataset/S-Dataset/S-Vw13.csv,INSUFFICIENT_MOTION,284,28.3,10.000009536752259,True,0,wall_clock,gravity_channel,0.9806,0.022958449296186338,0.3,abrupt direction change,observed,0.7061,0,gnss_speed_mps,0.0141,0.0,False,0.021313546363233123,-0.008533647453861903,,,0.0,,,,1,5.613873237424242e-05,
c51e706ffc90:000,T10,Unsynchronised V and S Dataset/Uncategorised IOVNB (V and S) Dataset/S-Dataset/S-T10.csv,INSUFFICIENT_MOTION,6699,669.8,10.000009536752259,True,0,wall_clock,gravity_channel,0.9948,0.0004998770563922173,0.0,magnitude out of range,dead_reckoned,0.5,0,gnss_speed_mps,0.0085,0.0,False,0.0004147113035284998,-0.0002790906774463367,,,0.0,,,,7,6.897057769752667e-05,
c674f8de297f:000,A12,Unsynchronised V and S Dataset/Uncategorised IOVNB (V and S) Dataset/S-Dataset/S-A12.csv,INSUFFICIENT_MOTION,4673,2335.999,2.0,True,0,wall_clock,gravity_channel,0.987,0.006908623879773088,0.3,dip inconsistent,observed,0.7107,1983,gnss_speed_mps,0.0334,0.0,False,-0.004548563971410394,0.005199966323624591,,,0.0,,,,33,9.61826235821878e-05,
c743ad854bd5:000,VFA01,Unsynchronised V and S Dataset/Uncategorised IOVNB (V and S) Dataset/S-Dataset/S-Vfa01.csv,SUCCESS,11486,1148.5,10.000009536752259,True,0,wall_clock,gravity_channel,0.9871,0.002885263057700546,0.6295,no issues detected,observed,0.8408,0,ref_velocity_mps,1.0,0.4672,True,-0.0015485069449088752,-0.0024345162055619068,66.79234431009635,0.9015502790533713,4.6000000000000005,5.200387484068041e-19,-0.04718468438341718,-0.10183212924630257,3873,7.598568692315829e-05,
c8360323ca02:000,VTB12,Synchronised V abd S datasets/Uncategorised IOVNB Dataset/S-Dataset/S-Vtb12.csv,INSUFFICIENT_MOTION,447,44.601,10.000009536752259,True,0,wall_clock,gravity_channel,0.9907,0.005455319744909674,0.0,"abrupt direction change, dip inconsistent",dead_reckoned,0.5,0,gnss_speed_mps,0.0112,0.0,False,0.005374673916430788,-0.0009345554096020427,,,0.0,,,,1,6.561364653135882e-05,
cac38e6d5a1f:000,T6,Unsynchronised V and S Dataset/Uncategorised IOVNB (V and S) Dataset/S-Dataset/S-T6.csv,MAG_DISTURBED,86440,2510.857,999.8340882002384,False,59411,wall_clock,gravity_channel,0.8277,1.035632279477921,0.0,unusable,dead_reckoned,0.5,34723,gnss_speed_mps,0.0087,0.0,False,0.9071832539758234,0.499573436076743,,0.1448507332064595,0.0,,,,76,4.583831906529247e-05,
cae29ddeeff1:000,VTB9,Synchronised V abd S datasets/Uncategorised IOVNB Dataset/S-Dataset/S-Vtb9.csv,INSUFFICIENT_MOTION,452,45.099,10.000009536752259,True,0,wall_clock,gravity_channel,0.9864,0.0213184667997308,0.9438,no issues detected,observed,0.9642,0,gnss_speed_mps,0.0133,0.0,False,0.02007696165472114,-0.007168865984895942,,,0.0,,,,0,8.048893804883428e-05,
cd923def23f5:000,VW11,Synchronised V abd S datasets/Uncategorised IOVNB Dataset/S-Dataset/S-Vw11.csv,SUCCESS,4909,490.8,10.000009536752259,True,0,wall_clock,gravity_channel,0.9858,0.005480867314963532,0.0,"abrupt direction change, dip inconsistent",dead_reckoned,0.5,0,ref_velocity_mps,0.9935,0.1677,True,-0.003089498231617684,0.004527130130770516,-21.68712569734642,0.6969028676623207,5.0,1.6514354615478693e-18,0.00692222810168262,-0.21516836834126044,1735,5.526233448922622e-05,
cfabd101e8e0:000,VTA17,Unsynchronised V and S Dataset/Uncategorised IOVNB (V and S) Dataset/S-Dataset/S-Vta17.csv,SUCCESS,4519,452.986,10.000009536752259,True,0,wall_clock,gravity_channel,0.9847,0.0049867276558225255,0.3,dip inconsistent,observed,0.709,1,ref_velocity_mps,1.0,0.1369,True,0.0009951524998372623,0.004886422435464813,128.99404009388573,0.6244414372348142,4.4,4.0364734657289735e-19,0.0063646682002430136,0.009284702516354213,1798,7.985350741314615e-05,
d1fb2b7e3ad0:000,VW11,Unsynchronised V and S Dataset/Uncategorised IOVNB (V and S) Dataset/S-Dataset/S-Vw11.csv,SUCCESS,4909,490.8,10.000009536752259,True,0,wall_clock,gravity_channel,0.9858,0.005480867314963531,0.0,"abrupt direction change, dip inconsistent",dead_reckoned,0.5,0,ref_velocity_mps,0.9963,0.1679,True,-0.0030894982316176825,0.004527130130770513,-21.598018615226856,0.6973868649462455,5.0,1.3978833781264876e-18,0.010781761301872817,-0.21504627353622413,1732,5.576235485820653e-05,
d37056443067:000,VW6,Unsynchronised V and S Dataset/Uncategorised IOVNB (V and S) Dataset/S-Dataset/S-Vw6.csv,SUCCESS,1281,128.0,10.000009536752259,True,0,wall_clock,gravity_channel,0.9832,0.013372390099214771,0.3,dip inconsistent,observed,0.7079,0,ref_velocity_mps,0.9797,0.1046,True,-0.005622834343123741,0.012132788277553298,-81.55573328907779,0.5482877568235351,-2.2,2.2688206862981947e-18,0.07021920683718724,0.03696615062944246,505,7.448516783190369e-05,
d4286914fd02:000,VTA1B,Synchronised V abd S datasets/Uncategorised IOVNB Dataset/S-Dataset/S-Vta1b.csv,SUCCESS,954,95.3,10.000009536752259,True,0,wall_clock,gravity_channel,0.98,0.0050527987377352234,0.7569,no issues detected,observed,0.8847,0,ref_velocity_mps,0.9969,0.2588,True,0.004089291955792955,-0.0029679060630859013,-7.097145857426919,0.9161389942090952,0.6000000000000001,7.053332715719798e-18,0.4183798147085053,0.1752706214780262,540,7.161079664066419e-05,
d80cb5cebc5e:000,VTB8,Synchronised V abd S datasets/Uncategorised IOVNB Dataset/S-Dataset/S-Vtb8.csv,SUCCESS,668,66.7,10.000009536752259,True,0,wall_clock,gravity_channel,0.9865,0.01072759282867734,0.9477,no issues detected,observed,0.9659,0,ref_velocity_mps,0.9746,0.1899,True,0.010575349556136208,-0.001800896915497286,30.718238138411756,0.9813812067827303,2.0,6.051465794300307e-17,-0.037705590288453376,-0.30296263276010366,108,8.032275449197383e-05,
dac55cdbb0b0:000,VW10,Unsynchronised V and S Dataset/Uncategorised IOVNB (V and S) Dataset/S-Dataset/S-Vw10.csv,SUCCESS,652,65.1,10.000009536752259,True,0,wall_clock,gravity_channel,0.9812,0.04784812738634792,0.3,dip inconsistent,observed,0.7065,0,ref_velocity_mps,0.9862,0.2679,True,-0.04784743618557269,0.00025718643647341136,-30.354723618807466,0.9371415798414624,2.2,2.028849177956325e-17,0.09631391141634915,-0.2097207177594533,306,7.379294480314975e-05,
dc92ec49c6de:000,T11,Unsynchronised V and S Dataset/Uncategorised IOVNB (V and S) Dataset/S-Dataset/S-T11.csv,INSUFFICIENT_MOTION,5690,568.901,10.000009536752259,True,0,wall_clock,gravity_channel,0.9933,0.0009356403262862482,0.0,"magnitude out of range, abrupt direction change",dead_reckoned,0.5,0,gnss_speed_mps,0.0083,0.0,False,-0.00010360593318159606,-0.0009298863536917062,,,0.0,,,,5,6.69987170477455e-05,
dcfad1472878:000,A5,Unsynchronised V and S Dataset/Uncategorised IOVNB (V and S) Dataset/S-Dataset/S-A5.csv,INSUFFICIENT_MOTION,85041,8504.349,10.000009536752259,True,0,wall_clock,gravity_channel,0.9882,0.0016062929377481034,0.0,"abrupt direction change, dip inconsistent",dead_reckoned,0.5,1,ref_velocity_mps,0.0958,0.0,False,-0.0015829393300233244,-0.0002729103870531458,,,0.0,,,,0,6.829013652230363e-05,
ddca3a613dc2:000,VTA9,Synchronised V abd S datasets/Uncategorised IOVNB Dataset/S-Dataset/S-Vta9.csv,INSUFFICIENT_MOTION,156,15.498,10.000009536752259,True,0,wall_clock,gravity_channel,0.881,0.02502236098514592,0.0,"abrupt direction change, dip inconsistent",dead_reckoned,0.5,0,gnss_speed_mps,0.0128,0.0,False,-0.007426856595231681,-0.023894776700835917,,,0.0,,,,1,6.772243590929951e-05,
e07de2f95c2b:000,VTA22,Unsynchronised V and S Dataset/Uncategorised IOVNB (V and S) Dataset/S-Dataset/S-Vta22.csv,SUCCESS,1564,156.301,10.000009536752259,True,0,wall_clock,gravity_channel,0.9808,0.007495761835823272,0.3,dip inconsistent,observed,0.7062,0,ref_velocity_mps,0.9987,0.0994,True,-0.007449824607243447,-0.000828588453071663,150.95150055385895,0.5365263905605164,-6.2,7.711734504503557e-19,-0.001501278244720155,0.23054313850479122,721,7.045684143050236e-05,
e0ea65fc0a2f:000,VTA12,Synchronised V abd S datasets/Uncategorised IOVNB Dataset/S-Dataset/S-Vta12.csv,INSUFFICIENT_MOTION,610,60.9,10.000009536752259,True,0,wall_clock,gravity_channel,0.9895,0.008740564266510485,0.7048,no issues detected,observed,0.8727,0,gnss_speed_mps,0.0115,0.0,False,0.007877950990329742,0.0037862054858756643,,,0.0,,,,1,8.829950818269071e-05,
e7dd97db647b:000,VTA17,Synchronised V abd S datasets/Uncategorised IOVNB Dataset/S-Dataset/S-Vta17.csv,SUCCESS,4519,452.986,10.000009536752259,True,0,wall_clock,gravity_channel,0.9847,0.004986727655822523,0.3,dip inconsistent,observed,0.709,1,ref_velocity_mps,0.9909,0.1361,True,0.0009951524998372612,0.004886422435464812,126.56876070402951,0.6224140223443362,4.4,2.6942452223730306e-19,0.013636254018467539,0.011565771328231332,1770,7.952246072203474e-05,
e94b492767c8:000,VTA3,Synchronised V abd S datasets/Uncategorised IOVNB Dataset/S-Dataset/S-Vta3.csv,INSUFFICIENT_MOTION,645,64.4,10.000009536752259,True,0,wall_clock,gravity_channel,0.9935,0.008514823193916912,0.3,dip inconsistent,observed,0.7153,0,gnss_speed_mps,0.0078,0.0,False,0.007767475287837303,0.00348834369736473,,,0.0,,,,0,0.00012307255815393329,
eafbdc315806:000,VTA2,Synchronised V abd S datasets/Uncategorised IOVNB Dataset/S-Dataset/S-Vta2.csv,SUCCESS,10991,1098.998,10.000009536752259,True,0,wall_clock,gravity_channel,0.9838,0.0003231683243952367,0.0,"abrupt direction change, dip inconsistent",dead_reckoned,0.5,0,ref_velocity_mps,0.9998,0.1782,True,0.00012476340434702988,-0.00029811383535204277,11.643937976141217,0.7227149339470569,0.6000000000000001,3.038547931086936e-19,0.21344407960652786,-0.014670836075100408,4250,5.997336911955117e-05,
ebc743e3e724:000,A2,Unsynchronised V and S Dataset/Uncategorised IOVNB (V and S) Dataset/S-Dataset/S-A2.csv,INSUFFICIENT_MOTION,11630,5814.5,2.0,True,0,wall_clock,gravity_channel,0.8632,2.677312789879433,0.0,"abrupt direction change, unstable magnitude, dip inconsistent",dead_reckoned,0.5,2218,gnss_speed_mps,0.0034,0.0,False,1.5202627850702355,2.20407464798193,,,0.0,,,,23,6.687780739458259e-05,
ed067f770ac8:000,A3,Unsynchronised V and S Dataset/Uncategorised IOVNB (V and S) Dataset/S-Dataset/S-A3.csv,INSUFFICIENT_MOTION,11132,5566.028,2.0,True,0,wall_clock,gravity_channel,0.9531,0.05490748573732262,0.0,"unstable magnitude, dip inconsistent",dead_reckoned,0.5,4554,gnss_speed_mps,0.0033,0.0,False,0.030880711256086126,0.0454005931888345,,,0.0,,,,15,4.8703126122215344e-05,
eda01aff8e4d:000,T2,Unsynchronised V and S Dataset/Uncategorised IOVNB (V and S) Dataset/S-Dataset/S-T2.csv,INSUFFICIENT_MOTION,75555,7554.945,10.000009536752259,True,3,wall_clock,gravity_channel,0.8865,3.661995731264047,0.0,unusable,dead_reckoned,0.5,2,gnss_speed_mps,0.0103,0.0,False,-0.7551698486148906,3.5833887577071244,,,0.0,,,,47,7.726459003354031e-05,
ee2c003b48da:000,VTA25,Unsynchronised V and S Dataset/Uncategorised IOVNB (V and S) Dataset/S-Dataset/S-Vta25.csv,INSUFFICIENT_MOTION,646,64.498,10.000009536752259,True,0,wall_clock,gravity_channel,0.9926,0.0006010462444472641,0.3,dip inconsistent,observed,0.7147,0,gnss_speed_mps,0.0093,0.0,False,0.0002677101926805127,-0.000538133664340547,,,0.0,,,,1,0.00012082244583024231,
ef23269dffe1:000,VTA5,Synchronised V abd S datasets/Uncategorised IOVNB Dataset/S-Dataset/S-Vta5.csv,INSUFFICIENT_MOTION,307,30.6,10.000009536752259,True,0,wall_clock,gravity_channel,0.9879,0.004919888708717711,0.7461,no issues detected,observed,0.8875,0,gnss_speed_mps,0.013,0.0,False,-0.003067856728186475,-0.003846239724164021,,,0.0,,,,2,9.214690552170446e-05,
ef9cf5419e1f:000,VTA26,Unsynchronised V and S Dataset/Uncategorised IOVNB (V and S) Dataset/S-Dataset/S-Vta26.csv,SUCCESS,1935,193.4,10.000009536752259,True,0,wall_clock,gravity_channel,0.9852,0.005567783805344994,0.9151,no issues detected,observed,0.9517,0,ref_velocity_mps,1.0,0.2575,True,-0.004528283387190096,-0.0032395780728686724,-108.57025953668457,0.9099585761046786,3.2,9.949034549296554e-19,0.048851827182417894,-0.25243555614968843,400,9.78385529722128e-05,
f37db4374cc0:000,VTA4,Unsynchronised V and S Dataset/Uncategorised IOVNB (V and S) Dataset/S-Dataset/S-Vta4.csv,SUCCESS,1789,178.799,10.000009536752259,True,0,wall_clock,gravity_channel,0.9824,0.0055118164531128494,0.3,dip inconsistent,observed,0.7073,0,ref_velocity_mps,0.9827,0.1846,True,0.00544098250661644,0.0008808121126730534,3.5509828632528,0.7385323569959591,7.2,3.232151871666435e-19,-0.1127381864720694,0.08762116307092951,462,7.209524874844317e-05,
f6681389a3ae:000,VTA28,Synchronised V abd S datasets/Uncategorised IOVNB Dataset/S-Dataset/S-Vta28.csv,LOW_HEADING_CONFIDENCE,4210,420.9,10.000009536752259,True,0,wall_clock,gravity_channel,0.9811,0.0061969737982715545,0.3,dip inconsistent,observed,0.7064,0,ref_velocity_mps,0.9867,0.0,False,-0.004055474481389443,-0.004685681489813789,,0.22621025203724396,0.0,,,,2008,7.773553444121825e-05,
f86e535305a7:000,VW13,Unsynchronised V and S Dataset/Uncategorised IOVNB (V and S) Dataset/S-Dataset/S-Vw13.csv,INSUFFICIENT_MOTION,284,28.3,10.000009536752259,True,0,wall_clock,gravity_channel,0.9806,0.022958449296186338,0.3,abrupt direction change,observed,0.7061,0,gnss_speed_mps,0.0141,0.0,False,0.021313546363233123,-0.008533647453861903,,,0.0,,,,1,5.5539788711901336e-05,
fa0b8dc8dddf:000,VW4,Unsynchronised V and S Dataset/Uncategorised IOVNB (V and S) Dataset/S-Dataset/S-Vw4.csv,MAG_DISTURBED,126526,12652.5,10.000009536752259,True,0,wall_clock,gravity_channel,0.9839,0.001966123886792787,0.0,"abrupt direction change, dip inconsistent",dead_reckoned,0.5,0,ref_velocity_mps,1.0,0.0,False,-0.0008984641538601366,-0.00174882969516923,,0.18242152811475604,5.0,,,,37185,4.78430844253597e-05,
fa378298fb40:000,VTA21,Unsynchronised V and S Dataset/Uncategorised IOVNB (V and S) Dataset/S-Dataset/S-Vta21.csv,SUCCESS,2079,207.8,10.000009536752259,True,0,wall_clock,gravity_channel,0.9788,0.006726384703426792,0.3,dip inconsistent,observed,0.7047,0,ref_velocity_mps,0.9745,0.1579,True,-0.005920301514968346,-0.0031928484440446477,-21.99347659310213,0.6765233070075202,4.800000000000001,2.645316113651987e-19,-0.00034894363672374875,-0.18757359896537376,883,6.960630111552878e-05,
fa60a662386f:000,VW12,Synchronised V abd S datasets/Uncategorised IOVNB Dataset/S-Dataset/S-Vw12.csv,SUCCESS,918,91.7,10.000009536752259,True,0,wall_clock,gravity_channel,0.9837,0.003834947556233226,0.3,abrupt direction change,observed,0.7083,0,ref_velocity_mps,0.9924,0.126,True,-0.0035565184831939235,0.0014345727727802392,-74.71233655855262,0.8089860313553368,2.4000000000000004,8.884222304796e-19,-0.06457920457903706,-0.1050732415492596,78,6.521742918766013e-05,
fbf968d0ce57:000,VW1,Unsynchronised V and S Dataset/Uncategorised IOVNB (V and S) Dataset/S-Dataset/S-Vw1.csv,INSUFFICIENT_MOTION,20476,2047.5,10.000009536752259,True,0,wall_clock,gravity_channel,0.9981,0.0007864474923592269,0.9206,no issues detected,observed,0.9664,0,ref_velocity_mps,0.9999,0.0,False,-0.00025788828491136355,-0.0007429625096500226,,,0.0,,,,0,0.0001379216985745489,
fc23e971b8f3:000,VW16A,Unsynchronised V and S Dataset/Uncategorised IOVNB (V and S) Dataset/S-Dataset/S-Vw16a.csv,SUCCESS,5879,587.799,10.000009536752259,True,0,wall_clock,gravity_channel,0.9861,0.008944400494404621,0.0,"abrupt direction change, dip inconsistent",dead_reckoned,0.5,0,ref_velocity_mps,0.9963,0.7748,True,0.0009401501013460277,-0.008894853455698161,37.720568345015685,0.9367552430265453,4.4,2.9670632605132367e-18,0.03127364062776453,-0.20580498884347412,1569,6.050457560897208e-05,
fdb0c5fe8db0:000,VTA29,Unsynchronised V and S Dataset/Uncategorised IOVNB (V and S) Dataset/S-Dataset/S-Vta29.csv,SUCCESS,23705,2369.778,10.000009536752259,True,5,wall_clock,gravity_channel,0.9848,0.0035392137549191717,0.0,"abrupt direction change, dip inconsistent",dead_reckoned,0.5,4,ref_velocity_mps,0.9977,0.0349,True,-0.0035391153109248378,2.6397329170488672e-05,29.634115816532717,0.38259051026064694,4.4,1.6631295005843655e-19,0.0036983769251977493,-0.06888082196596292,10498,5.357751951072042e-05,
ffadddf6b48a:000,VW17,Synchronised V abd S datasets/Uncategorised IOVNB Dataset/S-Dataset/S-Vw17.csv,INSUFFICIENT_MOTION,329,32.801,10.000009536752259,True,0,wall_clock,gravity_channel,0.9875,0.0028846855627118477,0.943,no issues detected,observed,0.9649,0,gnss_speed_mps,0.0122,0.0,False,0.0013176998993529375,-0.0025661406376350816,,,0.0,,,,0,7.733161093937488e-05,
