session_id,dataset_family,driver,driver_evidence,category,country,country_evidence,smartphone_files,vehicle_files,is_paired,pairing_evidence
M,synchronized_categorized,B,VERIFIED_FROM_FILE,M,,UNVERIFIED,Synchronised V abd S datasets/Categorised IOVNB Dataset/M (Driver B)/S-M.csv,Synchronised V abd S datasets/Categorised IOVNB Dataset/M (Driver B)/V-M.csv,True,INFERRED
S1,synchronized_categorized,A,VERIFIED_FROM_FILE,S,,UNVERIFIED,Synchronised V abd S datasets/Categorised IOVNB Dataset/S (Driver A)/S1/S-S1.csv,Synchronised V abd S datasets/Categorised IOVNB Dataset/S (Driver A)/S1/V-S1.csv,True,INFERRED
S2,synchronized_categorized,A,VERIFIED_FROM_FILE,S,,UNVERIFIED,Synchronised V abd S datasets/Categorised IOVNB Dataset/S (Driver A)/S2/S-S2.csv,Synchronised V abd S datasets/Categorised IOVNB Dataset/S (Driver A)/S2/V-S2.csv,True,INFERRED
S3A,synchronized_categorized,A,VERIFIED_FROM_FILE,S,,UNVERIFIED,Synchronised V abd S datasets/Categorised IOVNB Dataset/S (Driver A)/S3a/S-S3a.csv,Synchronised V abd S datasets/Categorised IOVNB Dataset/S (Driver A)/S3a/V-S3a.csv,True,INFERRED
S3B,synchronized_categorized,A,VERIFIED_FROM_FILE,S,,UNVERIFIED,Synchronised V abd S datasets/Categorised IOVNB Dataset/S (Driver A)/S3b/S-S3b.csv,Synchronised V abd S datasets/Categorised IOVNB Dataset/S (Driver A)/S3b/V-S3b.csv,True,INFERRED
S3C,synchronized_categorized,A,VERIFIED_FROM_FILE,S,,UNVERIFIED,Synchronised V abd S datasets/Categorised IOVNB Dataset/S (Driver A)/S3c/S-S3c.csv,Synchronised V abd S datasets/Categorised IOVNB Dataset/S (Driver A)/S3c/V-S3c.csv,True,INFERRED
S4,synchronized_categorized,A,VERIFIED_FROM_FILE,S,,UNVERIFIED,Synchronised V abd S datasets/Categorised IOVNB Dataset/S (Driver A)/S4/S-S4.csv,Synchronised V abd S datasets/Categorised IOVNB Dataset/S (Driver A)/S4/V-S4.csv,True,INFERRED
VFA01,synchronized_categorized,E,VERIFIED_FROM_FILE,Vf,,UNVERIFIED,Synchronised V abd S datasets/Categorised IOVNB Dataset/Vf (Driver E)/V-Vfa01/S-Vfa01.csv,Synchronised V abd S datasets/Categorised IOVNB Dataset/Vf (Driver E)/V-Vfa01/V-Vfa01.csv,True,INFERRED
VFA02,synchronized_categorized,E,VERIFIED_FROM_FILE,Vf,,UNVERIFIED,Synchronised V abd S datasets/Categorised IOVNB Dataset/Vf (Driver E)/V-Vfa02/S-Vfa02.csv,Synchronised V abd S datasets/Categorised IOVNB Dataset/Vf (Driver E)/V-Vfa02/V-Vfa02.csv,True,INFERRED
VTA10,synchronized_categorized,E,VERIFIED_FROM_FILE,Vta,,UNVERIFIED,Synchronised V abd S datasets/Categorised IOVNB Dataset/Vta (Driver E)/Vta10/S-Vta10.csv,Synchronised V abd S datasets/Categorised IOVNB Dataset/Vta (Driver E)/Vta10/V-vta10.csv,True,INFERRED
VTA11,synchronized_categorized,E,VERIFIED_FROM_FILE,Vta,,UNVERIFIED,Synchronised V abd S datasets/Categorised IOVNB Dataset/Vta (Driver E)/Vta11/S-Vta11.csv,Synchronised V abd S datasets/Categorised IOVNB Dataset/Vta (Driver E)/Vta11/V-vta11.csv,True,INFERRED
VTA12,synchronized_categorized,E,VERIFIED_FROM_FILE,Vta,,UNVERIFIED,Synchronised V abd S datasets/Categorised IOVNB Dataset/Vta (Driver E)/Vta12/S-Vta12.csv,Synchronised V abd S datasets/Categorised IOVNB Dataset/Vta (Driver E)/Vta12/V-vta12.csv,True,INFERRED
VTA13,synchronized_categorized,E,VERIFIED_FROM_FILE,Vta,,UNVERIFIED,Synchronised V abd S datasets/Categorised IOVNB Dataset/Vta (Driver E)/Vta13/S-Vta13.csv,Synchronised V abd S datasets/Categorised IOVNB Dataset/Vta (Driver E)/Vta13/V-vta13.csv,True,INFERRED
VTA14,synchronized_categorized,E,VERIFIED_FROM_FILE,Vta,,UNVERIFIED,Synchronised V abd S datasets/Categorised IOVNB Dataset/Vta (Driver E)/Vta14/S-Vta14.csv,Synchronised V abd S datasets/Categorised IOVNB Dataset/Vta (Driver E)/Vta14/V-vta14.csv,True,INFERRED
VTA15,synchronized_categorized,E,VERIFIED_FROM_FILE,Vta,,UNVERIFIED,Synchronised V abd S datasets/Categorised IOVNB Dataset/Vta (Driver E)/Vta15/S-Vta15.csv,Synchronised V abd S datasets/Categorised IOVNB Dataset/Vta (Driver E)/Vta15/V-vta15.csv,True,INFERRED
VTA16,synchronized_categorized,E,VERIFIED_FROM_FILE,Vta,,UNVERIFIED,Synchronised V abd S datasets/Categorised IOVNB Dataset/Vta (Driver E)/Vta16/S-Vta16.csv,Synchronised V abd S datasets/Categorised IOVNB Dataset/Vta (Driver E)/Vta16/V-vta16.csv,True,INFERRED
VTA17,synchronized_categorized,E,VERIFIED_FROM_FILE,Vta,,UNVERIFIED,Synchronised V abd S datasets/Categorised IOVNB Dataset/Vta (Driver E)/Vta17/S-Vta17.csv,Synchronised V abd S datasets/Categorised IOVNB Dataset/Vta (Driver E)/Vta17/V-vta17.csv,True,INFERRED
VTA19,synchronized_categorized,E,VERIFIED_FROM_FILE,Vta,,UNVERIFIED,Synchronised V abd S datasets/Categorised IOVNB Dataset/Vta (Driver E)/Vta19/S-Vta19.csv,Synchronised V abd S datasets/Categorised IOVNB Dataset/Vta (Driver E)/Vta19/V-vta19.csv,True,INFERRED
VTA1A,synchronized_categorized,E,VERIFIED_FROM_FILE,Vta,,UNVERIFIED,Synchronised V abd S datasets/Categorised IOVNB Dataset/Vta (Driver E)/Vta01a/S-Vta1a.csv,Synchronised V abd S datasets/Categorised IOVNB Dataset/Vta (Driver E)/Vta01a/V-Vta1a.csv,True,INFERRED
VTA1B,synchronized_categorized,E,VERIFIED_FROM_FILE,Vta,,UNVERIFIED,Synchronised V abd S datasets/Categorised IOVNB Dataset/Vta (Driver E)/Vta01b/S-Vta1b.csv,Synchronised V abd S datasets/Categorised IOVNB Dataset/Vta (Driver E)/Vta01b/V-Vta1b.csv,True,INFERRED
VTA2,synchronized_categorized,E,VERIFIED_FROM_FILE,Vta,,UNVERIFIED,Synchronised V abd S datasets/Categorised IOVNB Dataset/Vta (Driver E)/Vta02/S-Vta2.csv,Synchronised V abd S datasets/Categorised IOVNB Dataset/Vta (Driver E)/Vta02/V-vta2.csv,True,INFERRED
VTA20,synchronized_categorized,E,VERIFIED_FROM_FILE,Vta,,UNVERIFIED,Synchronised V abd S datasets/Categorised IOVNB Dataset/Vta (Driver E)/Vta20/S-Vta20.csv,Synchronised V abd S datasets/Categorised IOVNB Dataset/Vta (Driver E)/Vta20/V-vta20.csv,True,INFERRED
VTA21,synchronized_categorized,E,VERIFIED_FROM_FILE,Vta,,UNVERIFIED,Synchronised V abd S datasets/Categorised IOVNB Dataset/Vta (Driver E)/Vta21/S-Vta21.csv,Synchronised V abd S datasets/Categorised IOVNB Dataset/Vta (Driver E)/Vta21/V-vta21.csv,True,INFERRED
VTA22,synchronized_categorized,E,VERIFIED_FROM_FILE,Vta,,UNVERIFIED,Synchronised V abd S datasets/Categorised IOVNB Dataset/Vta (Driver E)/Vta22/S-Vta22.csv,Synchronised V abd S datasets/Categorised IOVNB Dataset/Vta (Driver E)/Vta22/V-vta22.csv,True,INFERRED
VTA23,synchronized_categorized,E,VERIFIED_FROM_FILE,Vta,,UNVERIFIED,Synchronised V abd S datasets/Categorised IOVNB Dataset/Vta (Driver E)/Vta23/S-Vta23.csv,Synchronised V abd S datasets/Categorised IOVNB Dataset/Vta (Driver E)/Vta23/V-vta23.csv,True,INFERRED
VTA24,synchronized_categorized,E,VERIFIED_FROM_FILE,Vta,,UNVERIFIED,Synchronised V abd S datasets/Categorised IOVNB Dataset/Vta (Driver E)/Vta24/S-Vta24.csv,Synchronised V abd S datasets/Categorised IOVNB Dataset/Vta (Driver E)/Vta24/V-vta24.csv,True,INFERRED
VTA25,synchronized_categorized,E,VERIFIED_FROM_FILE,Vta,,UNVERIFIED,Synchronised V abd S datasets/Categorised IOVNB Dataset/Vta (Driver E)/Vta25/S-Vta25.csv,Synchronised V abd S datasets/Categorised IOVNB Dataset/Vta (Driver E)/Vta25/V-vta25.csv,True,INFERRED
VTA26,synchronized_categorized,E,VERIFIED_FROM_FILE,Vta,,UNVERIFIED,Synchronised V abd S datasets/Categorised IOVNB Dataset/Vta (Driver E)/Vta26/S-Vta26.csv,Synchronised V abd S datasets/Categorised IOVNB Dataset/Vta (Driver E)/Vta26/V-vta26.csv,True,INFERRED
VTA27,synchronized_categorized,E,VERIFIED_FROM_FILE,Vta,,UNVERIFIED,Synchronised V abd S datasets/Categorised IOVNB Dataset/Vta (Driver E)/Vta27/S-Vta27.csv,Synchronised V abd S datasets/Categorised IOVNB Dataset/Vta (Driver E)/Vta27/V-vta27.csv,True,INFERRED
VTA28,synchronized_categorized,E,VERIFIED_FROM_FILE,Vta,,UNVERIFIED,Synchronised V abd S datasets/Categorised IOVNB Dataset/Vta (Driver E)/Vta28/S-Vta28.csv,Synchronised V abd S datasets/Categorised IOVNB Dataset/Vta (Driver E)/Vta28/V-vta28.csv,True,INFERRED
VTA29,synchronized_categorized,E,VERIFIED_FROM_FILE,Vta,,UNVERIFIED,Synchronised V abd S datasets/Categorised IOVNB Dataset/Vta (Driver E)/Vta29/S-Vta29.csv,Synchronised V abd S datasets/Categorised IOVNB Dataset/Vta (Driver E)/Vta29/V-vta29.csv,True,INFERRED
VTA3,synchronized_categorized,E,VERIFIED_FROM_FILE,Vta,,UNVERIFIED,Synchronised V abd S datasets/Categorised IOVNB Dataset/Vta (Driver E)/Vta03/S-Vta3.csv,Synchronised V abd S datasets/Categorised IOVNB Dataset/Vta (Driver E)/Vta03/V-vta3.csv,True,INFERRED
VTA30,synchronized_categorized,E,VERIFIED_FROM_FILE,Vta,,UNVERIFIED,Synchronised V abd S datasets/Categorised IOVNB Dataset/Vta (Driver E)/Vta30/S-Vta30.csv,Synchronised V abd S datasets/Categorised IOVNB Dataset/Vta (Driver E)/Vta30/V-vta30.csv,True,INFERRED
VTA4,synchronized_categorized,E,VERIFIED_FROM_FILE,Vta,,UNVERIFIED,Synchronised V abd S datasets/Categorised IOVNB Dataset/Vta (Driver E)/Vta04/S-Vta4.csv,Synchronised V abd S datasets/Categorised IOVNB Dataset/Vta (Driver E)/Vta04/V-vta4.csv,True,INFERRED
VTA5,synchronized_categorized,E,VERIFIED_FROM_FILE,Vta,,UNVERIFIED,Synchronised V abd S datasets/Categorised IOVNB Dataset/Vta (Driver E)/Vta05/S-Vta5.csv,Synchronised V abd S datasets/Categorised IOVNB Dataset/Vta (Driver E)/Vta05/V-vta5.csv,True,INFERRED
VTA6,synchronized_categorized,E,VERIFIED_FROM_FILE,Vta,,UNVERIFIED,Synchronised V abd S datasets/Categorised IOVNB Dataset/Vta (Driver E)/Vta06/S-Vta6.csv,Synchronised V abd S datasets/Categorised IOVNB Dataset/Vta (Driver E)/Vta06/V-vta6.csv,True,INFERRED
VTA7,synchronized_categorized,E,VERIFIED_FROM_FILE,Vta,,UNVERIFIED,Synchronised V abd S datasets/Categorised IOVNB Dataset/Vta (Driver E)/Vta07/S-Vta7.csv,Synchronised V abd S datasets/Categorised IOVNB Dataset/Vta (Driver E)/Vta07/V-vta7.csv,True,INFERRED
VTA8,synchronized_categorized,E,VERIFIED_FROM_FILE,Vta,,UNVERIFIED,Synchronised V abd S datasets/Categorised IOVNB Dataset/Vta (Driver E)/Vta08/S-Vta8.csv,Synchronised V abd S datasets/Categorised IOVNB Dataset/Vta (Driver E)/Vta08/V-vta8.csv,True,INFERRED
VTA9,synchronized_categorized,E,VERIFIED_FROM_FILE,Vta,,UNVERIFIED,Synchronised V abd S datasets/Categorised IOVNB Dataset/Vta (Driver E)/Vta09/S-Vta9.csv,Synchronised V abd S datasets/Categorised IOVNB Dataset/Vta (Driver E)/Vta09/V-vta9.csv,True,INFERRED
VTB1,synchronized_categorized,E,VERIFIED_FROM_FILE,Vtb,,UNVERIFIED,Synchronised V abd S datasets/Categorised IOVNB Dataset/Vtb (Driver E)/Vtb01/S-Vtb1.csv,Synchronised V abd S datasets/Categorised IOVNB Dataset/Vtb (Driver E)/Vtb01/V-vtb1.csv,True,INFERRED
VTB10,synchronized_categorized,E,VERIFIED_FROM_FILE,Vtb,,UNVERIFIED,Synchronised V abd S datasets/Categorised IOVNB Dataset/Vtb (Driver E)/Vtb10/S-Vtb10.csv,Synchronised V abd S datasets/Categorised IOVNB Dataset/Vtb (Driver E)/Vtb10/V-vtb10.csv,True,INFERRED
VTB11,synchronized_categorized,E,VERIFIED_FROM_FILE,Vtb,,UNVERIFIED,Synchronised V abd S datasets/Categorised IOVNB Dataset/Vtb (Driver E)/Vtb11/S-Vtb11.csv,Synchronised V abd S datasets/Categorised IOVNB Dataset/Vtb (Driver E)/Vtb11/V-vtb11.csv,True,INFERRED
VTB12,synchronized_categorized,E,VERIFIED_FROM_FILE,Vtb,,UNVERIFIED,Synchronised V abd S datasets/Categorised IOVNB Dataset/Vtb (Driver E)/Vtb12/S-Vtb12.csv,Synchronised V abd S datasets/Categorised IOVNB Dataset/Vtb (Driver E)/Vtb12/V-vtb12.csv,True,INFERRED
VTB2,synchronized_categorized,E,VERIFIED_FROM_FILE,Vtb,,UNVERIFIED,Synchronised V abd S datasets/Categorised IOVNB Dataset/Vtb (Driver E)/Vtb02/S-Vtb2.csv,Synchronised V abd S datasets/Categorised IOVNB Dataset/Vtb (Driver E)/Vtb02/V-vtb2.csv,True,INFERRED
VTB3,synchronized_categorized,E,VERIFIED_FROM_FILE,Vtb,,UNVERIFIED,Synchronised V abd S datasets/Categorised IOVNB Dataset/Vtb (Driver E)/Vtb03/S-Vtb3.csv,Synchronised V abd S datasets/Categorised IOVNB Dataset/Vtb (Driver E)/Vtb03/V-vtb3.csv,True,INFERRED
VTB4,synchronized_categorized,E,VERIFIED_FROM_FILE,Vtb,,UNVERIFIED,Synchronised V abd S datasets/Categorised IOVNB Dataset/Vtb (Driver E)/Vtb04/S-Vtb4.csv,Synchronised V abd S datasets/Categorised IOVNB Dataset/Vtb (Driver E)/Vtb04/V-vtb4.csv,True,INFERRED
VTB5,synchronized_categorized,E,VERIFIED_FROM_FILE,Vtb,,UNVERIFIED,Synchronised V abd S datasets/Categorised IOVNB Dataset/Vtb (Driver E)/Vtb05/S-Vtb5.csv,Synchronised V abd S datasets/Categorised IOVNB Dataset/Vtb (Driver E)/Vtb05/V-vtb5.csv,True,INFERRED
VTB6,synchronized_categorized,E,VERIFIED_FROM_FILE,Vtb,,UNVERIFIED,Synchronised V abd S datasets/Categorised IOVNB Dataset/Vtb (Driver E)/Vtb06/S-Vtb6.csv,Synchronised V abd S datasets/Categorised IOVNB Dataset/Vtb (Driver E)/Vtb06/V-vtb6.csv,True,INFERRED
VTB7,synchronized_categorized,E,VERIFIED_FROM_FILE,Vtb,,UNVERIFIED,Synchronised V abd S datasets/Categorised IOVNB Dataset/Vtb (Driver E)/Vtb07/S-Vtb7.csv,Synchronised V abd S datasets/Categorised IOVNB Dataset/Vtb (Driver E)/Vtb07/V-vtb7.csv,True,INFERRED
VTB8,synchronized_categorized,E,VERIFIED_FROM_FILE,Vtb,,UNVERIFIED,Synchronised V abd S datasets/Categorised IOVNB Dataset/Vtb (Driver E)/Vtb08/S-Vtb8.csv,Synchronised V abd S datasets/Categorised IOVNB Dataset/Vtb (Driver E)/Vtb08/V-vtb8.csv,True,INFERRED
VTB9,synchronized_categorized,E,VERIFIED_FROM_FILE,Vtb,,UNVERIFIED,Synchronised V abd S datasets/Categorised IOVNB Dataset/Vtb (Driver E)/Vtb09/S-Vtb9.csv,Synchronised V abd S datasets/Categorised IOVNB Dataset/Vtb (Driver E)/Vtb09/V-vtb9.csv,True,INFERRED
VW1,synchronized_categorized,E,VERIFIED_FROM_FILE,Vw,,UNVERIFIED,Synchronised V abd S datasets/Categorised IOVNB Dataset/Vw (Driver E)/Vw01/S-Vw1.csv,Synchronised V abd S datasets/Categorised IOVNB Dataset/Vw (Driver E)/Vw01/V-Vw1.csv,True,INFERRED
VW10,synchronized_categorized,E,VERIFIED_FROM_FILE,Vw,,UNVERIFIED,Synchronised V abd S datasets/Categorised IOVNB Dataset/Vw (Driver E)/Vw10/S-Vw10.csv,Synchronised V abd S datasets/Categorised IOVNB Dataset/Vw (Driver E)/Vw10/V-Vw10.csv,True,INFERRED
VW11,synchronized_categorized,E,VERIFIED_FROM_FILE,Vw,,UNVERIFIED,Synchronised V abd S datasets/Categorised IOVNB Dataset/Vw (Driver E)/Vw11/S-Vw11.csv,Synchronised V abd S datasets/Categorised IOVNB Dataset/Vw (Driver E)/Vw11/V-Vw11.csv,True,INFERRED
VW12,synchronized_categorized,E,VERIFIED_FROM_FILE,Vw,,UNVERIFIED,Synchronised V abd S datasets/Categorised IOVNB Dataset/Vw (Driver E)/Vw12/S-Vw12.csv,Synchronised V abd S datasets/Categorised IOVNB Dataset/Vw (Driver E)/Vw12/V-Vw12.csv,True,INFERRED
VW13,synchronized_categorized,E,VERIFIED_FROM_FILE,Vw,,UNVERIFIED,Synchronised V abd S datasets/Categorised IOVNB Dataset/Vw (Driver E)/Vw13/S-Vw13.csv,Synchronised V abd S datasets/Categorised IOVNB Dataset/Vw (Driver E)/Vw13/V-Vw13.csv,True,INFERRED
VW14A,synchronized_categorized,E,VERIFIED_FROM_FILE,Vw,,UNVERIFIED,Synchronised V abd S datasets/Categorised IOVNB Dataset/Vw (Driver E)/Vw14a/S-Vw14a.csv,Synchronised V abd S datasets/Categorised IOVNB Dataset/Vw (Driver E)/Vw14a/V-Vw14a.csv,True,INFERRED
VW14B,synchronized_categorized,E,VERIFIED_FROM_FILE,Vw,,UNVERIFIED,Synchronised V abd S datasets/Categorised IOVNB Dataset/Vw (Driver E)/Vw14b/S-Vw14b.csv,Synchronised V abd S datasets/Categorised IOVNB Dataset/Vw (Driver E)/Vw14b/V-Vw14b.csv,True,INFERRED
VW14C,synchronized_categorized,E,VERIFIED_FROM_FILE,Vw,,UNVERIFIED,Synchronised V abd S datasets/Categorised IOVNB Dataset/Vw (Driver E)/Vw14c/S-Vw14c.csv,Synchronised V abd S datasets/Categorised IOVNB Dataset/Vw (Driver E)/Vw14c/V-Vw14c.csv,True,INFERRED
VW15,synchronized_categorized,E,VERIFIED_FROM_FILE,Vw,,UNVERIFIED,Synchronised V abd S datasets/Categorised IOVNB Dataset/Vw (Driver E)/Vw15/S-Vw15.csv,Synchronised V abd S datasets/Categorised IOVNB Dataset/Vw (Driver E)/Vw15/V-Vw15.csv,True,INFERRED
VW16A,synchronized_categorized,E,VERIFIED_FROM_FILE,Vw,,UNVERIFIED,Synchronised V abd S datasets/Categorised IOVNB Dataset/Vw (Driver E)/Vw16a/S-Vw16a.csv,Synchronised V abd S datasets/Categorised IOVNB Dataset/Vw (Driver E)/Vw16a/V-Vw16a.csv,True,INFERRED
VW16B,synchronized_categorized,E,VERIFIED_FROM_FILE,Vw,,UNVERIFIED,Synchronised V abd S datasets/Categorised IOVNB Dataset/Vw (Driver E)/Vw16b/S-Vw16b.csv,Synchronised V abd S datasets/Categorised IOVNB Dataset/Vw (Driver E)/Vw16b/V-Vw16b.csv,True,INFERRED
VW17,synchronized_categorized,E,VERIFIED_FROM_FILE,Vw,,UNVERIFIED,Synchronised V abd S datasets/Categorised IOVNB Dataset/Vw (Driver E)/Vw17/S-Vw17.csv,Synchronised V abd S datasets/Categorised IOVNB Dataset/Vw (Driver E)/Vw17/V-Vw17.csv,True,INFERRED
VW2,synchronized_categorized,E,VERIFIED_FROM_FILE,Vw,,UNVERIFIED,Synchronised V abd S datasets/Categorised IOVNB Dataset/Vw (Driver E)/Vw02/S-Vw2.csv,Synchronised V abd S datasets/Categorised IOVNB Dataset/Vw (Driver E)/Vw02/V-Vw2.csv,True,INFERRED
VW3,synchronized_categorized,E,VERIFIED_FROM_FILE,Vw,,UNVERIFIED,Synchronised V abd S datasets/Categorised IOVNB Dataset/Vw (Driver E)/Vw03/S-Vw3.csv,Synchronised V abd S datasets/Categorised IOVNB Dataset/Vw (Driver E)/Vw03/V-Vw3.csv,True,INFERRED
VW4,synchronized_categorized,E,VERIFIED_FROM_FILE,Vw,,UNVERIFIED,Synchronised V abd S datasets/Categorised IOVNB Dataset/Vw (Driver E)/Vw04/S-Vw4.csv,Synchronised V abd S datasets/Categorised IOVNB Dataset/Vw (Driver E)/Vw04/V-Vw4.csv,True,INFERRED
VW5,synchronized_categorized,E,VERIFIED_FROM_FILE,Vw,,UNVERIFIED,Synchronised V abd S datasets/Categorised IOVNB Dataset/Vw (Driver E)/Vw05/S-Vw5.csv,Synchronised V abd S datasets/Categorised IOVNB Dataset/Vw (Driver E)/Vw05/V-Vw5.csv,True,INFERRED
VW6,synchronized_categorized,E,VERIFIED_FROM_FILE,Vw,,UNVERIFIED,Synchronised V abd S datasets/Categorised IOVNB Dataset/Vw (Driver E)/Vw06/S-Vw6.csv,Synchronised V abd S datasets/Categorised IOVNB Dataset/Vw (Driver E)/Vw06/V-Vw6.csv,True,INFERRED
VW7,synchronized_categorized,E,VERIFIED_FROM_FILE,Vw,,UNVERIFIED,Synchronised V abd S datasets/Categorised IOVNB Dataset/Vw (Driver E)/Vw07/S-Vw7.csv,Synchronised V abd S datasets/Categorised IOVNB Dataset/Vw (Driver E)/Vw07/V-Vw7.csv,True,INFERRED
VW8,synchronized_categorized,E,VERIFIED_FROM_FILE,Vw,,UNVERIFIED,Synchronised V abd S datasets/Categorised IOVNB Dataset/Vw (Driver E)/Vw08/S-Vw8.csv,Synchronised V abd S datasets/Categorised IOVNB Dataset/Vw (Driver E)/Vw08/V-Vw8.csv,True,INFERRED
VW9,synchronized_categorized,E,VERIFIED_FROM_FILE,Vw,,UNVERIFIED,Synchronised V abd S datasets/Categorised IOVNB Dataset/Vw (Driver E)/Vw09/S-Vw9.csv,Synchronised V abd S datasets/Categorised IOVNB Dataset/Vw (Driver E)/Vw09/V-Vw9.csv,True,INFERRED
Y1,synchronized_categorized,D,VERIFIED_FROM_FILE,Y,,UNVERIFIED,Synchronised V abd S datasets/Categorised IOVNB Dataset/Y (Driver D)/Y1/S-Y1.csv,Synchronised V abd S datasets/Categorised IOVNB Dataset/Y (Driver D)/Y1/V-Y1.csv,True,INFERRED
M,synchronized_uncategorized,,UNVERIFIED,,,UNVERIFIED,Synchronised V abd S datasets/Uncategorised IOVNB Dataset/S-Dataset/S-M.csv,Synchronised V abd S datasets/Uncategorised IOVNB Dataset/V-Dataset/V-M.csv,True,INFERRED
S1,synchronized_uncategorized,,UNVERIFIED,,,UNVERIFIED,Synchronised V abd S datasets/Uncategorised IOVNB Dataset/S-Dataset/S-S1.csv,Synchronised V abd S datasets/Uncategorised IOVNB Dataset/V-Dataset/V-S1.csv,True,INFERRED
S2,synchronized_uncategorized,,UNVERIFIED,,,UNVERIFIED,Synchronised V abd S datasets/Uncategorised IOVNB Dataset/S-Dataset/S-S2.csv,Synchronised V abd S datasets/Uncategorised IOVNB Dataset/V-Dataset/V-S2.csv,True,INFERRED
S3A,synchronized_uncategorized,,UNVERIFIED,,,UNVERIFIED,Synchronised V abd S datasets/Uncategorised IOVNB Dataset/S-Dataset/S-S3a.csv,Synchronised V abd S datasets/Uncategorised IOVNB Dataset/V-Dataset/V-S3a.csv,True,INFERRED
S3B,synchronized_uncategorized,,UNVERIFIED,,,UNVERIFIED,Synchronised V abd S datasets/Uncategorised IOVNB Dataset/S-Dataset/S-S3b.csv,Synchronised V abd S datasets/Uncategorised IOVNB Dataset/V-Dataset/V-S3b.csv,True,INFERRED
S3C,synchronized_uncategorized,,UNVERIFIED,,,UNVERIFIED,Synchronised V abd S datasets/Uncategorised IOVNB Dataset/S-Dataset/S-S3c.csv,Synchronised V abd S datasets/Uncategorised IOVNB Dataset/V-Dataset/V-S3c.csv,True,INFERRED
S4,synchronized_uncategorized,,UNVERIFIED,,,UNVERIFIED,Synchronised V abd S datasets/Uncategorised IOVNB Dataset/S-Dataset/S-S4.csv,Synchronised V abd S datasets/Uncategorised IOVNB Dataset/V-Dataset/V-S4.csv,True,INFERRED
VFA01,synchronized_uncategorized,,UNVERIFIED,,,UNVERIFIED,Synchronised V abd S datasets/Uncategorised IOVNB Dataset/S-Dataset/S-Vfa01.csv,Synchronised V abd S datasets/Uncategorised IOVNB Dataset/V-Dataset/V-Vfa01.csv,True,INFERRED
VFA02,synchronized_uncategorized,,UNVERIFIED,,,UNVERIFIED,Synchronised V abd S datasets/Uncategorised IOVNB Dataset/S-Dataset/S-Vfa02.csv,Synchronised V abd S datasets/Uncategorised IOVNB Dataset/V-Dataset/V-Vfa02.csv,True,INFERRED
VTA10,synchronized_uncategorized,,UNVERIFIED,,,UNVERIFIED,Synchronised V abd S datasets/Uncategorised IOVNB Dataset/S-Dataset/S-Vta10.csv,Synchronised V abd S datasets/Uncategorised IOVNB Dataset/V-Dataset/V-vta10.csv,True,INFERRED
VTA11,synchronized_uncategorized,,UNVERIFIED,,,UNVERIFIED,Synchronised V abd S datasets/Uncategorised IOVNB Dataset/S-Dataset/S-Vta11.csv,Synchronised V abd S datasets/Uncategorised IOVNB Dataset/V-Dataset/V-vta11.csv,True,INFERRED
VTA12,synchronized_uncategorized,,UNVERIFIED,,,UNVERIFIED,Synchronised V abd S datasets/Uncategorised IOVNB Dataset/S-Dataset/S-Vta12.csv,Synchronised V abd S datasets/Uncategorised IOVNB Dataset/V-Dataset/V-vta12.csv,True,INFERRED
VTA13,synchronized_uncategorized,,UNVERIFIED,,,UNVERIFIED,Synchronised V abd S datasets/Uncategorised IOVNB Dataset/S-Dataset/S-Vta13.csv,Synchronised V abd S datasets/Uncategorised IOVNB Dataset/V-Dataset/V-vta13.csv,True,INFERRED
VTA14,synchronized_uncategorized,,UNVERIFIED,,,UNVERIFIED,Synchronised V abd S datasets/Uncategorised IOVNB Dataset/S-Dataset/S-Vta14.csv,Synchronised V abd S datasets/Uncategorised IOVNB Dataset/V-Dataset/V-vta14.csv,True,INFERRED
VTA15,synchronized_uncategorized,,UNVERIFIED,,,UNVERIFIED,Synchronised V abd S datasets/Uncategorised IOVNB Dataset/S-Dataset/S-Vta15.csv,Synchronised V abd S datasets/Uncategorised IOVNB Dataset/V-Dataset/V-vta15.csv,True,INFERRED
VTA16,synchronized_uncategorized,,UNVERIFIED,,,UNVERIFIED,Synchronised V abd S datasets/Uncategorised IOVNB Dataset/S-Dataset/S-Vta16.csv,Synchronised V abd S datasets/Uncategorised IOVNB Dataset/V-Dataset/V-vta16.csv,True,INFERRED
VTA17,synchronized_uncategorized,,UNVERIFIED,,,UNVERIFIED,Synchronised V abd S datasets/Uncategorised IOVNB Dataset/S-Dataset/S-Vta17.csv,Synchronised V abd S datasets/Uncategorised IOVNB Dataset/V-Dataset/V-vta17.csv,True,INFERRED
VTA19,synchronized_uncategorized,,UNVERIFIED,,,UNVERIFIED,Synchronised V abd S datasets/Uncategorised IOVNB Dataset/S-Dataset/S-Vta19.csv,Synchronised V abd S datasets/Uncategorised IOVNB Dataset/V-Dataset/V-vta19.csv,True,INFERRED
VTA1A,synchronized_uncategorized,,UNVERIFIED,,,UNVERIFIED,Synchronised V abd S datasets/Uncategorised IOVNB Dataset/S-Dataset/S-Vta1a.csv,Synchronised V abd S datasets/Uncategorised IOVNB Dataset/V-Dataset/V-Vta1a.csv,True,INFERRED
VTA1B,synchronized_uncategorized,,UNVERIFIED,,,UNVERIFIED,Synchronised V abd S datasets/Uncategorised IOVNB Dataset/S-Dataset/S-Vta1b.csv,Synchronised V abd S datasets/Uncategorised IOVNB Dataset/V-Dataset/V-Vta1b.csv,True,INFERRED
VTA2,synchronized_uncategorized,,UNVERIFIED,,,UNVERIFIED,Synchronised V abd S datasets/Uncategorised IOVNB Dataset/S-Dataset/S-Vta2.csv,Synchronised V abd S datasets/Uncategorised IOVNB Dataset/V-Dataset/V-vta2.csv,True,INFERRED
VTA20,synchronized_uncategorized,,UNVERIFIED,,,UNVERIFIED,Synchronised V abd S datasets/Uncategorised IOVNB Dataset/S-Dataset/S-Vta20.csv,Synchronised V abd S datasets/Uncategorised IOVNB Dataset/V-Dataset/V-vta20.csv,True,INFERRED
VTA21,synchronized_uncategorized,,UNVERIFIED,,,UNVERIFIED,Synchronised V abd S datasets/Uncategorised IOVNB Dataset/S-Dataset/S-Vta21.csv,Synchronised V abd S datasets/Uncategorised IOVNB Dataset/V-Dataset/V-vta21.csv,True,INFERRED
VTA22,synchronized_uncategorized,,UNVERIFIED,,,UNVERIFIED,Synchronised V abd S datasets/Uncategorised IOVNB Dataset/S-Dataset/S-Vta22.csv,Synchronised V abd S datasets/Uncategorised IOVNB Dataset/V-Dataset/V-vta22.csv,True,INFERRED
VTA23,synchronized_uncategorized,,UNVERIFIED,,,UNVERIFIED,Synchronised V abd S datasets/Uncategorised IOVNB Dataset/S-Dataset/S-Vta23.csv,Synchronised V abd S datasets/Uncategorised IOVNB Dataset/V-Dataset/V-vta23.csv,True,INFERRED
VTA24,synchronized_uncategorized,,UNVERIFIED,,,UNVERIFIED,Synchronised V abd S datasets/Uncategorised IOVNB Dataset/S-Dataset/S-Vta24.csv,Synchronised V abd S datasets/Uncategorised IOVNB Dataset/V-Dataset/V-vta24.csv,True,INFERRED
VTA25,synchronized_uncategorized,,UNVERIFIED,,,UNVERIFIED,Synchronised V abd S datasets/Uncategorised IOVNB Dataset/S-Dataset/S-Vta25.csv,Synchronised V abd S datasets/Uncategorised IOVNB Dataset/V-Dataset/V-vta25.csv,True,INFERRED
VTA26,synchronized_uncategorized,,UNVERIFIED,,,UNVERIFIED,Synchronised V abd S datasets/Uncategorised IOVNB Dataset/S-Dataset/S-Vta26.csv,Synchronised V abd S datasets/Uncategorised IOVNB Dataset/V-Dataset/V-vta26.csv,True,INFERRED
VTA27,synchronized_uncategorized,,UNVERIFIED,,,UNVERIFIED,Synchronised V abd S datasets/Uncategorised IOVNB Dataset/S-Dataset/S-Vta27.csv,Synchronised V abd S datasets/Uncategorised IOVNB Dataset/V-Dataset/V-vta27.csv,True,INFERRED
VTA28,synchronized_uncategorized,,UNVERIFIED,,,UNVERIFIED,Synchronised V abd S datasets/Uncategorised IOVNB Dataset/S-Dataset/S-Vta28.csv,Synchronised V abd S datasets/Uncategorised IOVNB Dataset/V-Dataset/V-vta28.csv,True,INFERRED
VTA29,synchronized_uncategorized,,UNVERIFIED,,,UNVERIFIED,Synchronised V abd S datasets/Uncategorised IOVNB Dataset/S-Dataset/S-Vta29.csv,Synchronised V abd S datasets/Uncategorised IOVNB Dataset/V-Dataset/V-vta29.csv,True,INFERRED
VTA3,synchronized_uncategorized,,UNVERIFIED,,,UNVERIFIED,Synchronised V abd S datasets/Uncategorised IOVNB Dataset/S-Dataset/S-Vta3.csv,Synchronised V abd S datasets/Uncategorised IOVNB Dataset/V-Dataset/V-vta3.csv,True,INFERRED
VTA30,synchronized_uncategorized,,UNVERIFIED,,,UNVERIFIED,Synchronised V abd S datasets/Uncategorised IOVNB Dataset/S-Dataset/S-Vta30.csv,Synchronised V abd S datasets/Uncategorised IOVNB Dataset/V-Dataset/V-vta30.csv,True,INFERRED
VTA4,synchronized_uncategorized,,UNVERIFIED,,,UNVERIFIED,Synchronised V abd S datasets/Uncategorised IOVNB Dataset/S-Dataset/S-Vta4.csv,Synchronised V abd S datasets/Uncategorised IOVNB Dataset/V-Dataset/V-vta4.csv,True,INFERRED
VTA5,synchronized_uncategorized,,UNVERIFIED,,,UNVERIFIED,Synchronised V abd S datasets/Uncategorised IOVNB Dataset/S-Dataset/S-Vta5.csv,Synchronised V abd S datasets/Uncategorised IOVNB Dataset/V-Dataset/V-vta5.csv,True,INFERRED
VTA6,synchronized_uncategorized,,UNVERIFIED,,,UNVERIFIED,Synchronised V abd S datasets/Uncategorised IOVNB Dataset/S-Dataset/S-Vta6.csv,Synchronised V abd S datasets/Uncategorised IOVNB Dataset/V-Dataset/V-vta6.csv,True,INFERRED
VTA7,synchronized_uncategorized,,UNVERIFIED,,,UNVERIFIED,Synchronised V abd S datasets/Uncategorised IOVNB Dataset/S-Dataset/S-Vta7.csv,Synchronised V abd S datasets/Uncategorised IOVNB Dataset/V-Dataset/V-vta7.csv,True,INFERRED
VTA8,synchronized_uncategorized,,UNVERIFIED,,,UNVERIFIED,Synchronised V abd S datasets/Uncategorised IOVNB Dataset/S-Dataset/S-Vta8.csv,Synchronised V abd S datasets/Uncategorised IOVNB Dataset/V-Dataset/V-vta8.csv,True,INFERRED
VTA9,synchronized_uncategorized,,UNVERIFIED,,,UNVERIFIED,Synchronised V abd S datasets/Uncategorised IOVNB Dataset/S-Dataset/S-Vta9.csv,Synchronised V abd S datasets/Uncategorised IOVNB Dataset/V-Dataset/V-vta9.csv,True,INFERRED
VTB1,synchronized_uncategorized,,UNVERIFIED,,,UNVERIFIED,Synchronised V abd S datasets/Uncategorised IOVNB Dataset/S-Dataset/S-Vtb1.csv,Synchronised V abd S datasets/Uncategorised IOVNB Dataset/V-Dataset/V-vtb1.csv,True,INFERRED
VTB10,synchronized_uncategorized,,UNVERIFIED,,,UNVERIFIED,Synchronised V abd S datasets/Uncategorised IOVNB Dataset/S-Dataset/S-Vtb10.csv,Synchronised V abd S datasets/Uncategorised IOVNB Dataset/V-Dataset/V-vtb10.csv,True,INFERRED
VTB11,synchronized_uncategorized,,UNVERIFIED,,,UNVERIFIED,Synchronised V abd S datasets/Uncategorised IOVNB Dataset/S-Dataset/S-Vtb11.csv,Synchronised V abd S datasets/Uncategorised IOVNB Dataset/V-Dataset/V-vtb11.csv,True,INFERRED
VTB12,synchronized_uncategorized,,UNVERIFIED,,,UNVERIFIED,Synchronised V abd S datasets/Uncategorised IOVNB Dataset/S-Dataset/S-Vtb12.csv,Synchronised V abd S datasets/Uncategorised IOVNB Dataset/V-Dataset/V-vtb12.csv,True,INFERRED
VTB2,synchronized_uncategorized,,UNVERIFIED,,,UNVERIFIED,Synchronised V abd S datasets/Uncategorised IOVNB Dataset/S-Dataset/S-Vtb2.csv,Synchronised V abd S datasets/Uncategorised IOVNB Dataset/V-Dataset/V-vtb2.csv,True,INFERRED
VTB3,synchronized_uncategorized,,UNVERIFIED,,,UNVERIFIED,Synchronised V abd S datasets/Uncategorised IOVNB Dataset/S-Dataset/S-Vtb3.csv,Synchronised V abd S datasets/Uncategorised IOVNB Dataset/V-Dataset/V-vtb3.csv,True,INFERRED
VTB4,synchronized_uncategorized,,UNVERIFIED,,,UNVERIFIED,Synchronised V abd S datasets/Uncategorised IOVNB Dataset/S-Dataset/S-Vtb4.csv,Synchronised V abd S datasets/Uncategorised IOVNB Dataset/V-Dataset/V-vtb4.csv,True,INFERRED
VTB5,synchronized_uncategorized,,UNVERIFIED,,,UNVERIFIED,Synchronised V abd S datasets/Uncategorised IOVNB Dataset/S-Dataset/S-Vtb5.csv,Synchronised V abd S datasets/Uncategorised IOVNB Dataset/V-Dataset/V-vtb5.csv,True,INFERRED
VTB6,synchronized_uncategorized,,UNVERIFIED,,,UNVERIFIED,Synchronised V abd S datasets/Uncategorised IOVNB Dataset/S-Dataset/S-Vtb6.csv,Synchronised V abd S datasets/Uncategorised IOVNB Dataset/V-Dataset/V-vtb6.csv,True,INFERRED
VTB7,synchronized_uncategorized,,UNVERIFIED,,,UNVERIFIED,Synchronised V abd S datasets/Uncategorised IOVNB Dataset/S-Dataset/S-Vtb7.csv,Synchronised V abd S datasets/Uncategorised IOVNB Dataset/V-Dataset/V-vtb7.csv,True,INFERRED
VTB8,synchronized_uncategorized,,UNVERIFIED,,,UNVERIFIED,Synchronised V abd S datasets/Uncategorised IOVNB Dataset/S-Dataset/S-Vtb8.csv,Synchronised V abd S datasets/Uncategorised IOVNB Dataset/V-Dataset/V-vtb8.csv,True,INFERRED
VTB9,synchronized_uncategorized,,UNVERIFIED,,,UNVERIFIED,Synchronised V abd S datasets/Uncategorised IOVNB Dataset/S-Dataset/S-Vtb9.csv,Synchronised V abd S datasets/Uncategorised IOVNB Dataset/V-Dataset/V-vtb9.csv,True,INFERRED
VW1,synchronized_uncategorized,,UNVERIFIED,,,UNVERIFIED,Synchronised V abd S datasets/Uncategorised IOVNB Dataset/S-Dataset/S-Vw1.csv,Synchronised V abd S datasets/Uncategorised IOVNB Dataset/V-Dataset/V-Vw1.csv,True,INFERRED
VW10,synchronized_uncategorized,,UNVERIFIED,,,UNVERIFIED,Synchronised V abd S datasets/Uncategorised IOVNB Dataset/S-Dataset/S-Vw10.csv,Synchronised V abd S datasets/Uncategorised IOVNB Dataset/V-Dataset/V-Vw10.csv,True,INFERRED
VW11,synchronized_uncategorized,,UNVERIFIED,,,UNVERIFIED,Synchronised V abd S datasets/Uncategorised IOVNB Dataset/S-Dataset/S-Vw11.csv,Synchronised V abd S datasets/Uncategorised IOVNB Dataset/V-Dataset/V-Vw11.csv,True,INFERRED
VW12,synchronized_uncategorized,,UNVERIFIED,,,UNVERIFIED,Synchronised V abd S datasets/Uncategorised IOVNB Dataset/S-Dataset/S-Vw12.csv,Synchronised V abd S datasets/Uncategorised IOVNB Dataset/V-Dataset/V-Vw12.csv,True,INFERRED
VW13,synchronized_uncategorized,,UNVERIFIED,,,UNVERIFIED,Synchronised V abd S datasets/Uncategorised IOVNB Dataset/S-Dataset/S-Vw13.csv,Synchronised V abd S datasets/Uncategorised IOVNB Dataset/V-Dataset/V-Vw13.csv,True,INFERRED
VW14A,synchronized_uncategorized,,UNVERIFIED,,,UNVERIFIED,Synchronised V abd S datasets/Uncategorised IOVNB Dataset/S-Dataset/S-Vw14a.csv,Synchronised V abd S datasets/Uncategorised IOVNB Dataset/V-Dataset/V-Vw14a.csv,True,INFERRED
VW14B,synchronized_uncategorized,,UNVERIFIED,,,UNVERIFIED,Synchronised V abd S datasets/Uncategorised IOVNB Dataset/S-Dataset/S-Vw14b.csv,Synchronised V abd S datasets/Uncategorised IOVNB Dataset/V-Dataset/V-Vw14b.csv,True,INFERRED
VW14C,synchronized_uncategorized,,UNVERIFIED,,,UNVERIFIED,Synchronised V abd S datasets/Uncategorised IOVNB Dataset/S-Dataset/S-Vw14c.csv,Synchronised V abd S datasets/Uncategorised IOVNB Dataset/V-Dataset/V-Vw14c.csv,True,INFERRED
VW15,synchronized_uncategorized,,UNVERIFIED,,,UNVERIFIED,Synchronised V abd S datasets/Uncategorised IOVNB Dataset/S-Dataset/S-Vw15.csv,Synchronised V abd S datasets/Uncategorised IOVNB Dataset/V-Dataset/V-Vw15.csv,True,INFERRED
VW16A,synchronized_uncategorized,,UNVERIFIED,,,UNVERIFIED,Synchronised V abd S datasets/Uncategorised IOVNB Dataset/S-Dataset/S-Vw16a.csv,Synchronised V abd S datasets/Uncategorised IOVNB Dataset/V-Dataset/V-Vw16a.csv,True,INFERRED
VW16B,synchronized_uncategorized,,UNVERIFIED,,,UNVERIFIED,Synchronised V abd S datasets/Uncategorised IOVNB Dataset/S-Dataset/S-Vw16b.csv,Synchronised V abd S datasets/Uncategorised IOVNB Dataset/V-Dataset/V-Vw16b.csv,True,INFERRED
VW17,synchronized_uncategorized,,UNVERIFIED,,,UNVERIFIED,Synchronised V abd S datasets/Uncategorised IOVNB Dataset/S-Dataset/S-Vw17.csv,Synchronised V abd S datasets/Uncategorised IOVNB Dataset/V-Dataset/V-Vw17.csv,True,INFERRED
VW2,synchronized_uncategorized,,UNVERIFIED,,,UNVERIFIED,Synchronised V abd S datasets/Uncategorised IOVNB Dataset/S-Dataset/S-Vw2.csv,Synchronised V abd S datasets/Uncategorised IOVNB Dataset/V-Dataset/V-Vw2.csv,True,INFERRED
VW3,synchronized_uncategorized,,UNVERIFIED,,,UNVERIFIED,Synchronised V abd S datasets/Uncategorised IOVNB Dataset/S-Dataset/S-Vw3.csv,Synchronised V abd S datasets/Uncategorised IOVNB Dataset/V-Dataset/V-Vw3.csv,True,INFERRED
VW4,synchronized_uncategorized,,UNVERIFIED,,,UNVERIFIED,Synchronised V abd S datasets/Uncategorised IOVNB Dataset/S-Dataset/S-Vw4.csv,Synchronised V abd S datasets/Uncategorised IOVNB Dataset/V-Dataset/V-Vw4.csv,True,INFERRED
VW5,synchronized_uncategorized,,UNVERIFIED,,,UNVERIFIED,Synchronised V abd S datasets/Uncategorised IOVNB Dataset/S-Dataset/S-Vw5.csv,Synchronised V abd S datasets/Uncategorised IOVNB Dataset/V-Dataset/V-Vw5.csv,True,INFERRED
VW6,synchronized_uncategorized,,UNVERIFIED,,,UNVERIFIED,Synchronised V abd S datasets/Uncategorised IOVNB Dataset/S-Dataset/S-Vw6.csv,Synchronised V abd S datasets/Uncategorised IOVNB Dataset/V-Dataset/V-Vw6.csv,True,INFERRED
VW7,synchronized_uncategorized,,UNVERIFIED,,,UNVERIFIED,Synchronised V abd S datasets/Uncategorised IOVNB Dataset/S-Dataset/S-Vw7.csv,Synchronised V abd S datasets/Uncategorised IOVNB Dataset/V-Dataset/V-Vw7.csv,True,INFERRED
VW8,synchronized_uncategorized,,UNVERIFIED,,,UNVERIFIED,Synchronised V abd S datasets/Uncategorised IOVNB Dataset/S-Dataset/S-Vw8.csv,Synchronised V abd S datasets/Uncategorised IOVNB Dataset/V-Dataset/V-Vw8.csv,True,INFERRED
VW9,synchronized_uncategorized,,UNVERIFIED,,,UNVERIFIED,Synchronised V abd S datasets/Uncategorised IOVNB Dataset/S-Dataset/S-Vw9.csv,Synchronised V abd S datasets/Uncategorised IOVNB Dataset/V-Dataset/V-Vw9.csv,True,INFERRED
Y1,synchronized_uncategorized,,UNVERIFIED,,,UNVERIFIED,Synchronised V abd S datasets/Uncategorised IOVNB Dataset/S-Dataset/S-Y1.csv,Synchronised V abd S datasets/Uncategorised IOVNB Dataset/V-Dataset/V-Y1.csv,True,INFERRED
M,unsynchronized_categorized,B,VERIFIED_FROM_FILE,M,,UNVERIFIED,,Unsynchronised V and S Dataset/Categorised IOVNB (V) Dataset/V Dataset/M (Driver B)/V-M.csv,False,UNVERIFIED
S1,unsynchronized_categorized,A,VERIFIED_FROM_FILE,S,,UNVERIFIED,,Unsynchronised V and S Dataset/Categorised IOVNB (V) Dataset/V Dataset/S (Driver A)/S1/V-S1.csv,False,UNVERIFIED
S2,unsynchronized_categorized,A,VERIFIED_FROM_FILE,S,,UNVERIFIED,,Unsynchronised V and S Dataset/Categorised IOVNB (V) Dataset/V Dataset/S (Driver A)/S2/V-S2.csv,False,UNVERIFIED
S3A,unsynchronized_categorized,A,VERIFIED_FROM_FILE,S,,UNVERIFIED,,Unsynchronised V and S Dataset/Categorised IOVNB (V) Dataset/V Dataset/S (Driver A)/S3a/V-S3a.csv,False,UNVERIFIED
S3B,unsynchronized_categorized,A,VERIFIED_FROM_FILE,S,,UNVERIFIED,,Unsynchronised V and S Dataset/Categorised IOVNB (V) Dataset/V Dataset/S (Driver A)/S3b/V-S3b.csv,False,UNVERIFIED
S3C,unsynchronized_categorized,A,VERIFIED_FROM_FILE,S,,UNVERIFIED,,Unsynchronised V and S Dataset/Categorised IOVNB (V) Dataset/V Dataset/S (Driver A)/S3c/V-S3c.csv,False,UNVERIFIED
S4,unsynchronized_categorized,A,VERIFIED_FROM_FILE,S,,UNVERIFIED,,Unsynchronised V and S Dataset/Categorised IOVNB (V) Dataset/V Dataset/S (Driver A)/S4/V-S4.csv,False,UNVERIFIED
ST1,unsynchronized_categorized,C,VERIFIED_FROM_FILE,St,,UNVERIFIED,,Unsynchronised V and S Dataset/Categorised IOVNB (V) Dataset/V Dataset/St (Driver C)/St1/V-St1.csv,False,UNVERIFIED
ST4,unsynchronized_categorized,C,VERIFIED_FROM_FILE,St,,UNVERIFIED,,Unsynchronised V and S Dataset/Categorised IOVNB (V) Dataset/V Dataset/St (Driver C)/St4/V-St4.csv,False,UNVERIFIED
ST6,unsynchronized_categorized,C,VERIFIED_FROM_FILE,St,,UNVERIFIED,,Unsynchronised V and S Dataset/Categorised IOVNB (V) Dataset/V Dataset/St (Driver C)/St6/V-St6.csv,False,UNVERIFIED
ST7,unsynchronized_categorized,C,VERIFIED_FROM_FILE,St,,UNVERIFIED,,Unsynchronised V and S Dataset/Categorised IOVNB (V) Dataset/V Dataset/St (Driver C)/St7/V-St7.csv,False,UNVERIFIED
VFA01,unsynchronized_categorized,E,VERIFIED_FROM_FILE,Vf,,UNVERIFIED,,Unsynchronised V and S Dataset/Categorised IOVNB (V) Dataset/V Dataset/Vf (Driver E)/V-Vfa01/V-Vfa01.csv,False,UNVERIFIED
VFA02,unsynchronized_categorized,E,VERIFIED_FROM_FILE,Vf,,UNVERIFIED,,Unsynchronised V and S Dataset/Categorised IOVNB (V) Dataset/V Dataset/Vf (Driver E)/V-Vfa02/V-Vfa02.csv,False,UNVERIFIED
VFB01A,unsynchronized_categorized,E,VERIFIED_FROM_FILE,Vf,,UNVERIFIED,,Unsynchronised V and S Dataset/Categorised IOVNB (V) Dataset/V Dataset/Vf (Driver E)/V-Vfb01a/V-Vfb01a.csv,False,UNVERIFIED
VFB01B,unsynchronized_categorized,E,VERIFIED_FROM_FILE,Vf,,UNVERIFIED,,Unsynchronised V and S Dataset/Categorised IOVNB (V) Dataset/V Dataset/Vf (Driver E)/V-Vfb01b/V-Vfb01b.csv,False,UNVERIFIED
VFB01C,unsynchronized_categorized,E,VERIFIED_FROM_FILE,Vf,,UNVERIFIED,,Unsynchronised V and S Dataset/Categorised IOVNB (V) Dataset/V Dataset/Vf (Driver E)/V-Vfb01c/V-Vfb01c.csv,False,UNVERIFIED
VFB01D,unsynchronized_categorized,E,VERIFIED_FROM_FILE,Vf,,UNVERIFIED,,Unsynchronised V and S Dataset/Categorised IOVNB (V) Dataset/V Dataset/Vf (Driver E)/V-Vfb01d/V-Vfb01d.csv,False,UNVERIFIED
VFB02A,unsynchronized_categorized,E,VERIFIED_FROM_FILE,Vf,,UNVERIFIED,,Unsynchronised V and S Dataset/Categorised IOVNB (V) Dataset/V Dataset/Vf (Driver E)/V-Vfb02a/V-Vfb02a.csv,False,UNVERIFIED
VFB02B,unsynchronized_categorized,E,VERIFIED_FROM_FILE,Vf,,UNVERIFIED,,Unsynchronised V and S Dataset/Categorised IOVNB (V) Dataset/V Dataset/Vf (Driver E)/V-Vfb02b/V-Vfb02b.csv,False,UNVERIFIED
VFB02C,unsynchronized_categorized,E,VERIFIED_FROM_FILE,Vf,,UNVERIFIED,,Unsynchronised V and S Dataset/Categorised IOVNB (V) Dataset/V Dataset/Vf (Driver E)/V-Vfb02c/V-Vfb02c.csv,False,UNVERIFIED
VFB02D,unsynchronized_categorized,E,VERIFIED_FROM_FILE,Vf,,UNVERIFIED,,Unsynchronised V and S Dataset/Categorised IOVNB (V) Dataset/V Dataset/Vf (Driver E)/V-Vfb02d/V-Vfb02d.csv,False,UNVERIFIED
VFB02E,unsynchronized_categorized,E,VERIFIED_FROM_FILE,Vf,,UNVERIFIED,,Unsynchronised V and S Dataset/Categorised IOVNB (V) Dataset/V Dataset/Vf (Driver E)/V-Vfb02e/V-Vfb02e.csv,False,UNVERIFIED
VFB02F,unsynchronized_categorized,E,VERIFIED_FROM_FILE,Vf,,UNVERIFIED,,Unsynchronised V and S Dataset/Categorised IOVNB (V) Dataset/V Dataset/Vf (Driver E)/V-Vfb02f/V-Vfb02f.csv,False,UNVERIFIED
VFB02G,unsynchronized_categorized,E,VERIFIED_FROM_FILE,Vf,,UNVERIFIED,,Unsynchronised V and S Dataset/Categorised IOVNB (V) Dataset/V Dataset/Vf (Driver E)/V-Vfb02g/V-Vfb02g.csv,False,UNVERIFIED
VTA10,unsynchronized_categorized,E,VERIFIED_FROM_FILE,Vta,,UNVERIFIED,,Unsynchronised V and S Dataset/Categorised IOVNB (V) Dataset/V Dataset/Vta (Driver E)/Vta10/V-Vta10.csv,False,UNVERIFIED
VTA11,unsynchronized_categorized,E,VERIFIED_FROM_FILE,Vta,,UNVERIFIED,,Unsynchronised V and S Dataset/Categorised IOVNB (V) Dataset/V Dataset/Vta (Driver E)/Vta11/V-Vta11.csv,False,UNVERIFIED
VTA12,unsynchronized_categorized,E,VERIFIED_FROM_FILE,Vta,,UNVERIFIED,,Unsynchronised V and S Dataset/Categorised IOVNB (V) Dataset/V Dataset/Vta (Driver E)/Vta12/V-Vta12.csv,False,UNVERIFIED
VTA13,unsynchronized_categorized,E,VERIFIED_FROM_FILE,Vta,,UNVERIFIED,,Unsynchronised V and S Dataset/Categorised IOVNB (V) Dataset/V Dataset/Vta (Driver E)/Vta13/V-Vta13.csv,False,UNVERIFIED
VTA14,unsynchronized_categorized,E,VERIFIED_FROM_FILE,Vta,,UNVERIFIED,,Unsynchronised V and S Dataset/Categorised IOVNB (V) Dataset/V Dataset/Vta (Driver E)/Vta14/V-Vta14.csv,False,UNVERIFIED
VTA15,unsynchronized_categorized,E,VERIFIED_FROM_FILE,Vta,,UNVERIFIED,,Unsynchronised V and S Dataset/Categorised IOVNB (V) Dataset/V Dataset/Vta (Driver E)/Vta15/V-Vta15.csv,False,UNVERIFIED
VTA16,unsynchronized_categorized,E,VERIFIED_FROM_FILE,Vta,,UNVERIFIED,,Unsynchronised V and S Dataset/Categorised IOVNB (V) Dataset/V Dataset/Vta (Driver E)/Vta16/V-Vta16.csv,False,UNVERIFIED
VTA17,unsynchronized_categorized,E,VERIFIED_FROM_FILE,Vta,,UNVERIFIED,,Unsynchronised V and S Dataset/Categorised IOVNB (V) Dataset/V Dataset/Vta (Driver E)/Vta17/V-Vta17.csv,False,UNVERIFIED
VTA19,unsynchronized_categorized,E,VERIFIED_FROM_FILE,Vta,,UNVERIFIED,,Unsynchronised V and S Dataset/Categorised IOVNB (V) Dataset/V Dataset/Vta (Driver E)/Vta19/V-Vta19.csv,False,UNVERIFIED
VTA1A,unsynchronized_categorized,E,VERIFIED_FROM_FILE,Vta,,UNVERIFIED,,Unsynchronised V and S Dataset/Categorised IOVNB (V) Dataset/V Dataset/Vta (Driver E)/Vta01a/V-Vta1a.csv,False,UNVERIFIED
VTA1B,unsynchronized_categorized,E,VERIFIED_FROM_FILE,Vta,,UNVERIFIED,,Unsynchronised V and S Dataset/Categorised IOVNB (V) Dataset/V Dataset/Vta (Driver E)/Vta01b/V-Vta1b.csv,False,UNVERIFIED
VTA2,unsynchronized_categorized,E,VERIFIED_FROM_FILE,Vta,,UNVERIFIED,,Unsynchronised V and S Dataset/Categorised IOVNB (V) Dataset/V Dataset/Vta (Driver E)/Vta02/V-Vta2.csv,False,UNVERIFIED
VTA20,unsynchronized_categorized,E,VERIFIED_FROM_FILE,Vta,,UNVERIFIED,,Unsynchronised V and S Dataset/Categorised IOVNB (V) Dataset/V Dataset/Vta (Driver E)/Vta20/V-Vta20.csv,False,UNVERIFIED
VTA21,unsynchronized_categorized,E,VERIFIED_FROM_FILE,Vta,,UNVERIFIED,,Unsynchronised V and S Dataset/Categorised IOVNB (V) Dataset/V Dataset/Vta (Driver E)/Vta21/V-Vta21.csv,False,UNVERIFIED
VTA22,unsynchronized_categorized,E,VERIFIED_FROM_FILE,Vta,,UNVERIFIED,,Unsynchronised V and S Dataset/Categorised IOVNB (V) Dataset/V Dataset/Vta (Driver E)/Vta22/V-Vta22.csv,False,UNVERIFIED
VTA23,unsynchronized_categorized,E,VERIFIED_FROM_FILE,Vta,,UNVERIFIED,,Unsynchronised V and S Dataset/Categorised IOVNB (V) Dataset/V Dataset/Vta (Driver E)/Vta23/V-Vta23.csv,False,UNVERIFIED
VTA24,unsynchronized_categorized,E,VERIFIED_FROM_FILE,Vta,,UNVERIFIED,,Unsynchronised V and S Dataset/Categorised IOVNB (V) Dataset/V Dataset/Vta (Driver E)/Vta24/V-Vta24.csv,False,UNVERIFIED
VTA25,unsynchronized_categorized,E,VERIFIED_FROM_FILE,Vta,,UNVERIFIED,,Unsynchronised V and S Dataset/Categorised IOVNB (V) Dataset/V Dataset/Vta (Driver E)/Vta25/V-Vta25.csv,False,UNVERIFIED
VTA26,unsynchronized_categorized,E,VERIFIED_FROM_FILE,Vta,,UNVERIFIED,,Unsynchronised V and S Dataset/Categorised IOVNB (V) Dataset/V Dataset/Vta (Driver E)/Vta26/V-Vta26.csv,False,UNVERIFIED
VTA27,unsynchronized_categorized,E,VERIFIED_FROM_FILE,Vta,,UNVERIFIED,,Unsynchronised V and S Dataset/Categorised IOVNB (V) Dataset/V Dataset/Vta (Driver E)/Vta27/V-Vta27.csv,False,UNVERIFIED
VTA28,unsynchronized_categorized,E,VERIFIED_FROM_FILE,Vta,,UNVERIFIED,,Unsynchronised V and S Dataset/Categorised IOVNB (V) Dataset/V Dataset/Vta (Driver E)/Vta28/V-Vta28.csv,False,UNVERIFIED
VTA29,unsynchronized_categorized,E,VERIFIED_FROM_FILE,Vta,,UNVERIFIED,,Unsynchronised V and S Dataset/Categorised IOVNB (V) Dataset/V Dataset/Vta (Driver E)/Vta29/V-Vta29.csv,False,UNVERIFIED
VTA3,unsynchronized_categorized,E,VERIFIED_FROM_FILE,Vta,,UNVERIFIED,,Unsynchronised V and S Dataset/Categorised IOVNB (V) Dataset/V Dataset/Vta (Driver E)/Vta03/V-Vta3.csv,False,UNVERIFIED
VTA30,unsynchronized_categorized,E,VERIFIED_FROM_FILE,Vta,,UNVERIFIED,,Unsynchronised V and S Dataset/Categorised IOVNB (V) Dataset/V Dataset/Vta (Driver E)/Vta30/V-Vta30.csv,False,UNVERIFIED
VTA4,unsynchronized_categorized,E,VERIFIED_FROM_FILE,Vta,,UNVERIFIED,,Unsynchronised V and S Dataset/Categorised IOVNB (V) Dataset/V Dataset/Vta (Driver E)/Vta04/V-Vta4.csv,False,UNVERIFIED
VTA5,unsynchronized_categorized,E,VERIFIED_FROM_FILE,Vta,,UNVERIFIED,,Unsynchronised V and S Dataset/Categorised IOVNB (V) Dataset/V Dataset/Vta (Driver E)/Vta05/V-Vta5.csv,False,UNVERIFIED
VTA6,unsynchronized_categorized,E,VERIFIED_FROM_FILE,Vta,,UNVERIFIED,,Unsynchronised V and S Dataset/Categorised IOVNB (V) Dataset/V Dataset/Vta (Driver E)/Vta06/V-Vta6.csv,False,UNVERIFIED
VTA7,unsynchronized_categorized,E,VERIFIED_FROM_FILE,Vta,,UNVERIFIED,,Unsynchronised V and S Dataset/Categorised IOVNB (V) Dataset/V Dataset/Vta (Driver E)/Vta07/V-Vta7.csv,False,UNVERIFIED
VTA8,unsynchronized_categorized,E,VERIFIED_FROM_FILE,Vta,,UNVERIFIED,,Unsynchronised V and S Dataset/Categorised IOVNB (V) Dataset/V Dataset/Vta (Driver E)/Vta08/V-Vta8.csv,False,UNVERIFIED
VTA9,unsynchronized_categorized,E,VERIFIED_FROM_FILE,Vta,,UNVERIFIED,,Unsynchronised V and S Dataset/Categorised IOVNB (V) Dataset/V Dataset/Vta (Driver E)/Vta09/V-Vta9.csv,False,UNVERIFIED
VTB1,unsynchronized_categorized,E,VERIFIED_FROM_FILE,Vtb,,UNVERIFIED,,Unsynchronised V and S Dataset/Categorised IOVNB (V) Dataset/V Dataset/Vtb (Driver E)/Vtb01/V-Vtb1.csv,False,UNVERIFIED
VTB10,unsynchronized_categorized,E,VERIFIED_FROM_FILE,Vtb,,UNVERIFIED,,Unsynchronised V and S Dataset/Categorised IOVNB (V) Dataset/V Dataset/Vtb (Driver E)/Vtb10/V-Vtb10.csv,False,UNVERIFIED
VTB11,unsynchronized_categorized,E,VERIFIED_FROM_FILE,Vtb,,UNVERIFIED,,Unsynchronised V and S Dataset/Categorised IOVNB (V) Dataset/V Dataset/Vtb (Driver E)/Vtb11/V-Vtb11.csv,False,UNVERIFIED
VTB12,unsynchronized_categorized,E,VERIFIED_FROM_FILE,Vtb,,UNVERIFIED,,Unsynchronised V and S Dataset/Categorised IOVNB (V) Dataset/V Dataset/Vtb (Driver E)/Vtb12/V-Vtb12.csv,False,UNVERIFIED
VTB13,unsynchronized_categorized,E,VERIFIED_FROM_FILE,Vtb,,UNVERIFIED,,Unsynchronised V and S Dataset/Categorised IOVNB (V) Dataset/V Dataset/Vtb (Driver E)/Vtb13/V-Vtb13.csv,False,UNVERIFIED
VTB2,unsynchronized_categorized,E,VERIFIED_FROM_FILE,Vtb,,UNVERIFIED,,Unsynchronised V and S Dataset/Categorised IOVNB (V) Dataset/V Dataset/Vtb (Driver E)/Vtb02/V-Vtb2.csv,False,UNVERIFIED
VTB3,unsynchronized_categorized,E,VERIFIED_FROM_FILE,Vtb,,UNVERIFIED,,Unsynchronised V and S Dataset/Categorised IOVNB (V) Dataset/V Dataset/Vtb (Driver E)/Vtb03/V-Vtb3.csv,False,UNVERIFIED
VTB4,unsynchronized_categorized,E,VERIFIED_FROM_FILE,Vtb,,UNVERIFIED,,Unsynchronised V and S Dataset/Categorised IOVNB (V) Dataset/V Dataset/Vtb (Driver E)/Vtb04/V-Vtb4.csv,False,UNVERIFIED
VTB5,unsynchronized_categorized,E,VERIFIED_FROM_FILE,Vtb,,UNVERIFIED,,Unsynchronised V and S Dataset/Categorised IOVNB (V) Dataset/V Dataset/Vtb (Driver E)/Vtb05/V-Vtb5.csv,False,UNVERIFIED
VTB6,unsynchronized_categorized,E,VERIFIED_FROM_FILE,Vtb,,UNVERIFIED,,Unsynchronised V and S Dataset/Categorised IOVNB (V) Dataset/V Dataset/Vtb (Driver E)/Vtb06/V-Vtb6.csv,False,UNVERIFIED
VTB7,unsynchronized_categorized,E,VERIFIED_FROM_FILE,Vtb,,UNVERIFIED,,Unsynchronised V and S Dataset/Categorised IOVNB (V) Dataset/V Dataset/Vtb (Driver E)/Vtb07/V-Vtb7.csv,False,UNVERIFIED
VTB8,unsynchronized_categorized,E,VERIFIED_FROM_FILE,Vtb,,UNVERIFIED,,Unsynchronised V and S Dataset/Categorised IOVNB (V) Dataset/V Dataset/Vtb (Driver E)/Vtb08/V-Vtb8.csv,False,UNVERIFIED
VTB9,unsynchronized_categorized,E,VERIFIED_FROM_FILE,Vtb,,UNVERIFIED,,Unsynchronised V and S Dataset/Categorised IOVNB (V) Dataset/V Dataset/Vtb (Driver E)/Vtb09/V-Vtb9.csv,False,UNVERIFIED
VW1,unsynchronized_categorized,E,VERIFIED_FROM_FILE,Vw,,UNVERIFIED,,Unsynchronised V and S Dataset/Categorised IOVNB (V) Dataset/V Dataset/Vw (Driver E)/Vw01/V-Vw1.csv,False,UNVERIFIED
VW10,unsynchronized_categorized,E,VERIFIED_FROM_FILE,Vw,,UNVERIFIED,,Unsynchronised V and S Dataset/Categorised IOVNB (V) Dataset/V Dataset/Vw (Driver E)/Vw10/V-Vw10.csv;Unsynchronised V and S Dataset/Categorised IOVNB (V) Dataset/V Dataset/Vw (Driver E)/Vw11/V-Vw10.csv,False,UNVERIFIED
VW12,unsynchronized_categorized,E,VERIFIED_FROM_FILE,Vw,,UNVERIFIED,,Unsynchronised V and S Dataset/Categorised IOVNB (V) Dataset/V Dataset/Vw (Driver E)/Vw12/V-Vw12.csv,False,UNVERIFIED
VW13,unsynchronized_categorized,E,VERIFIED_FROM_FILE,Vw,,UNVERIFIED,,Unsynchronised V and S Dataset/Categorised IOVNB (V) Dataset/V Dataset/Vw (Driver E)/Vw13/V-Vw13.csv,False,UNVERIFIED
VW14A,unsynchronized_categorized,E,VERIFIED_FROM_FILE,Vw,,UNVERIFIED,,Unsynchronised V and S Dataset/Categorised IOVNB (V) Dataset/V Dataset/Vw (Driver E)/Vw14a/V-Vw14a.csv,False,UNVERIFIED
VW14B,unsynchronized_categorized,E,VERIFIED_FROM_FILE,Vw,,UNVERIFIED,,Unsynchronised V and S Dataset/Categorised IOVNB (V) Dataset/V Dataset/Vw (Driver E)/Vw14b/V-Vw14b.csv,False,UNVERIFIED
VW14C,unsynchronized_categorized,E,VERIFIED_FROM_FILE,Vw,,UNVERIFIED,,Unsynchronised V and S Dataset/Categorised IOVNB (V) Dataset/V Dataset/Vw (Driver E)/Vw14c/V-Vw14c.csv,False,UNVERIFIED
VW15,unsynchronized_categorized,E,VERIFIED_FROM_FILE,Vw,,UNVERIFIED,,Unsynchronised V and S Dataset/Categorised IOVNB (V) Dataset/V Dataset/Vw (Driver E)/Vw15/V-Vw15.csv,False,UNVERIFIED
VW16A,unsynchronized_categorized,E,VERIFIED_FROM_FILE,Vw,,UNVERIFIED,,Unsynchronised V and S Dataset/Categorised IOVNB (V) Dataset/V Dataset/Vw (Driver E)/Vw16a/V-Vw16a.csv,False,UNVERIFIED
VW16B,unsynchronized_categorized,E,VERIFIED_FROM_FILE,Vw,,UNVERIFIED,,Unsynchronised V and S Dataset/Categorised IOVNB (V) Dataset/V Dataset/Vw (Driver E)/Vw16b/V-Vw16b.csv,False,UNVERIFIED
VW17,unsynchronized_categorized,E,VERIFIED_FROM_FILE,Vw,,UNVERIFIED,,Unsynchronised V and S Dataset/Categorised IOVNB (V) Dataset/V Dataset/Vw (Driver E)/Vw17/V-Vw17.csv,False,UNVERIFIED
VW2,unsynchronized_categorized,E,VERIFIED_FROM_FILE,Vw,,UNVERIFIED,,Unsynchronised V and S Dataset/Categorised IOVNB (V) Dataset/V Dataset/Vw (Driver E)/Vw02/V-Vw2.csv,False,UNVERIFIED
VW3,unsynchronized_categorized,E,VERIFIED_FROM_FILE,Vw,,UNVERIFIED,,Unsynchronised V and S Dataset/Categorised IOVNB (V) Dataset/V Dataset/Vw (Driver E)/Vw03/V-Vw3.csv,False,UNVERIFIED
VW4,unsynchronized_categorized,E,VERIFIED_FROM_FILE,Vw,,UNVERIFIED,,Unsynchronised V and S Dataset/Categorised IOVNB (V) Dataset/V Dataset/Vw (Driver E)/Vw04/V-Vw4.csv,False,UNVERIFIED
VW5,unsynchronized_categorized,E,VERIFIED_FROM_FILE,Vw,,UNVERIFIED,,Unsynchronised V and S Dataset/Categorised IOVNB (V) Dataset/V Dataset/Vw (Driver E)/Vw05/V-Vw5.csv,False,UNVERIFIED
VW6,unsynchronized_categorized,E,VERIFIED_FROM_FILE,Vw,,UNVERIFIED,,Unsynchronised V and S Dataset/Categorised IOVNB (V) Dataset/V Dataset/Vw (Driver E)/Vw06/V-Vw6.csv,False,UNVERIFIED
VW7,unsynchronized_categorized,E,VERIFIED_FROM_FILE,Vw,,UNVERIFIED,,Unsynchronised V and S Dataset/Categorised IOVNB (V) Dataset/V Dataset/Vw (Driver E)/Vw07/V-Vw7.csv,False,UNVERIFIED
VW8,unsynchronized_categorized,E,VERIFIED_FROM_FILE,Vw,,UNVERIFIED,,Unsynchronised V and S Dataset/Categorised IOVNB (V) Dataset/V Dataset/Vw (Driver E)/Vw08/V-Vw8.csv,False,UNVERIFIED
VW9,unsynchronized_categorized,E,VERIFIED_FROM_FILE,Vw,,UNVERIFIED,,Unsynchronised V and S Dataset/Categorised IOVNB (V) Dataset/V Dataset/Vw (Driver E)/Vw09/V-Vw9.csv,False,UNVERIFIED
Y1,unsynchronized_categorized,D,VERIFIED_FROM_FILE,Y,,UNVERIFIED,,Unsynchronised V and S Dataset/Categorised IOVNB (V) Dataset/V Dataset/Y (Driver D)/Y1/V-Y1.csv,False,UNVERIFIED
Y2,unsynchronized_categorized,D,VERIFIED_FROM_FILE,Y,,UNVERIFIED,,Unsynchronised V and S Dataset/Categorised IOVNB (V) Dataset/V Dataset/Y (Driver D)/Y2/V-Y2.csv,False,UNVERIFIED
A1,unsynchronized_uncategorized,,UNVERIFIED,,,UNVERIFIED,Unsynchronised V and S Dataset/Uncategorised IOVNB (V and S) Dataset/S-Dataset/S-A1.csv,,False,UNVERIFIED
A10,unsynchronized_uncategorized,,UNVERIFIED,,,UNVERIFIED,Unsynchronised V and S Dataset/Uncategorised IOVNB (V and S) Dataset/S-Dataset/S-A10.csv,,False,UNVERIFIED
A11,unsynchronized_uncategorized,,UNVERIFIED,,,UNVERIFIED,Unsynchronised V and S Dataset/Uncategorised IOVNB (V and S) Dataset/S-Dataset/S-A11.csv,,False,UNVERIFIED
A12,unsynchronized_uncategorized,,UNVERIFIED,,,UNVERIFIED,Unsynchronised V and S Dataset/Uncategorised IOVNB (V and S) Dataset/S-Dataset/S-A12.csv,,False,UNVERIFIED
A13,unsynchronized_uncategorized,,UNVERIFIED,,,UNVERIFIED,Unsynchronised V and S Dataset/Uncategorised IOVNB (V and S) Dataset/S-Dataset/S-A13.csv,,False,UNVERIFIED
A2,unsynchronized_uncategorized,,UNVERIFIED,,,UNVERIFIED,Unsynchronised V and S Dataset/Uncategorised IOVNB (V and S) Dataset/S-Dataset/S-A2.csv,,False,UNVERIFIED
A3,unsynchronized_uncategorized,,UNVERIFIED,,,UNVERIFIED,Unsynchronised V and S Dataset/Uncategorised IOVNB (V and S) Dataset/S-Dataset/S-A3.csv,,False,UNVERIFIED
A4,unsynchronized_uncategorized,,UNVERIFIED,,,UNVERIFIED,Unsynchronised V and S Dataset/Uncategorised IOVNB (V and S) Dataset/S-Dataset/S-A4.csv,,False,UNVERIFIED
A5,unsynchronized_uncategorized,,UNVERIFIED,,,UNVERIFIED,Unsynchronised V and S Dataset/Uncategorised IOVNB (V and S) Dataset/S-Dataset/S-A5.csv,,False,UNVERIFIED
A6,unsynchronized_uncategorized,,UNVERIFIED,,,UNVERIFIED,Unsynchronised V and S Dataset/Uncategorised IOVNB (V and S) Dataset/S-Dataset/S-A6.csv,,False,UNVERIFIED
A7,unsynchronized_uncategorized,,UNVERIFIED,,,UNVERIFIED,Unsynchronised V and S Dataset/Uncategorised IOVNB (V and S) Dataset/S-Dataset/S-A7.csv,,False,UNVERIFIED
A8,unsynchronized_uncategorized,,UNVERIFIED,,,UNVERIFIED,Unsynchronised V and S Dataset/Uncategorised IOVNB (V and S) Dataset/S-Dataset/S-A8.csv,,False,UNVERIFIED
A9,unsynchronized_uncategorized,,UNVERIFIED,,,UNVERIFIED,Unsynchronised V and S Dataset/Uncategorised IOVNB (V and S) Dataset/S-Dataset/S-A9.csv,,False,UNVERIFIED
I,unsynchronized_uncategorized,,UNVERIFIED,,,UNVERIFIED,Unsynchronised V and S Dataset/Uncategorised IOVNB (V and S) Dataset/S-Dataset/S-I.csv,,False,UNVERIFIED
M,unsynchronized_uncategorized,,UNVERIFIED,,,UNVERIFIED,Unsynchronised V and S Dataset/Uncategorised IOVNB (V and S) Dataset/S-Dataset/S-M.csv,Unsynchronised V and S Dataset/Uncategorised IOVNB (V and S) Dataset/V-Dataset/V-M.csv,True,INFERRED
S1,unsynchronized_uncategorized,,UNVERIFIED,,,UNVERIFIED,Unsynchronised V and S Dataset/Uncategorised IOVNB (V and S) Dataset/S-Dataset/S-S1.csv,Unsynchronised V and S Dataset/Uncategorised IOVNB (V and S) Dataset/V-Dataset/V-S1.csv,True,INFERRED
S2,unsynchronized_uncategorized,,UNVERIFIED,,,UNVERIFIED,Unsynchronised V and S Dataset/Uncategorised IOVNB (V and S) Dataset/S-Dataset/S-S2.csv,Unsynchronised V and S Dataset/Uncategorised IOVNB (V and S) Dataset/V-Dataset/V-S2.csv,True,INFERRED
S3A,unsynchronized_uncategorized,,UNVERIFIED,,,UNVERIFIED,Unsynchronised V and S Dataset/Uncategorised IOVNB (V and S) Dataset/S-Dataset/S-S3a.csv,Unsynchronised V and S Dataset/Uncategorised IOVNB (V and S) Dataset/V-Dataset/V-S3a.csv,True,INFERRED
S3B,unsynchronized_uncategorized,,UNVERIFIED,,,UNVERIFIED,Unsynchronised V and S Dataset/Uncategorised IOVNB (V and S) Dataset/S-Dataset/S-S3b.csv,Unsynchronised V and S Dataset/Uncategorised IOVNB (V and S) Dataset/V-Dataset/V-S3b.csv,True,INFERRED
S3C,unsynchronized_uncategorized,,UNVERIFIED,,,UNVERIFIED,Unsynchronised V and S Dataset/Uncategorised IOVNB (V and S) Dataset/S-Dataset/S-S3c.csv,Unsynchronised V and S Dataset/Uncategorised IOVNB (V and S) Dataset/V-Dataset/V-S3c.csv,True,INFERRED
S4,unsynchronized_uncategorized,,UNVERIFIED,,,UNVERIFIED,Unsynchronised V and S Dataset/Uncategorised IOVNB (V and S) Dataset/S-Dataset/S-S4.csv,Unsynchronised V and S Dataset/Uncategorised IOVNB (V and S) Dataset/V-Dataset/V-S4.csv,True,INFERRED
ST1,unsynchronized_uncategorized,,UNVERIFIED,,,UNVERIFIED,,Unsynchronised V and S Dataset/Uncategorised IOVNB (V and S) Dataset/V-Dataset/V-St1.csv,False,UNVERIFIED
ST4,unsynchronized_uncategorized,,UNVERIFIED,,,UNVERIFIED,,Unsynchronised V and S Dataset/Uncategorised IOVNB (V and S) Dataset/V-Dataset/V-St4.csv,False,UNVERIFIED
ST6,unsynchronized_uncategorized,,UNVERIFIED,,,UNVERIFIED,,Unsynchronised V and S Dataset/Uncategorised IOVNB (V and S) Dataset/V-Dataset/V-St6.csv,False,UNVERIFIED
ST7,unsynchronized_uncategorized,,UNVERIFIED,,,UNVERIFIED,,Unsynchronised V and S Dataset/Uncategorised IOVNB (V and S) Dataset/V-Dataset/V-St7.csv,False,UNVERIFIED
T1,unsynchronized_uncategorized,,UNVERIFIED,,,UNVERIFIED,Unsynchronised V and S Dataset/Uncategorised IOVNB (V and S) Dataset/S-Dataset/S-T1.csv,,False,UNVERIFIED
T10,unsynchronized_uncategorized,,UNVERIFIED,,,UNVERIFIED,Unsynchronised V and S Dataset/Uncategorised IOVNB (V and S) Dataset/S-Dataset/S-T10.csv,,False,UNVERIFIED
T11,unsynchronized_uncategorized,,UNVERIFIED,,,UNVERIFIED,Unsynchronised V and S Dataset/Uncategorised IOVNB (V and S) Dataset/S-Dataset/S-T11.csv,,False,UNVERIFIED
T2,unsynchronized_uncategorized,,UNVERIFIED,,,UNVERIFIED,Unsynchronised V and S Dataset/Uncategorised IOVNB (V and S) Dataset/S-Dataset/S-T2.csv,,False,UNVERIFIED
T3,unsynchronized_uncategorized,,UNVERIFIED,,,UNVERIFIED,Unsynchronised V and S Dataset/Uncategorised IOVNB (V and S) Dataset/S-Dataset/S-T3.csv,,False,UNVERIFIED
T4,unsynchronized_uncategorized,,UNVERIFIED,,,UNVERIFIED,Unsynchronised V and S Dataset/Uncategorised IOVNB (V and S) Dataset/S-Dataset/S-T4.csv,,False,UNVERIFIED
T5,unsynchronized_uncategorized,,UNVERIFIED,,,UNVERIFIED,Unsynchronised V and S Dataset/Uncategorised IOVNB (V and S) Dataset/S-Dataset/S-T5.csv,,False,UNVERIFIED
T6,unsynchronized_uncategorized,,UNVERIFIED,,,UNVERIFIED,Unsynchronised V and S Dataset/Uncategorised IOVNB (V and S) Dataset/S-Dataset/S-T6.csv,,False,UNVERIFIED
T7,unsynchronized_uncategorized,,UNVERIFIED,,,UNVERIFIED,Unsynchronised V and S Dataset/Uncategorised IOVNB (V and S) Dataset/S-Dataset/S-T7.csv,,False,UNVERIFIED
T8,unsynchronized_uncategorized,,UNVERIFIED,,,UNVERIFIED,Unsynchronised V and S Dataset/Uncategorised IOVNB (V and S) Dataset/S-Dataset/S-T8.csv,,False,UNVERIFIED
T9,unsynchronized_uncategorized,,UNVERIFIED,,,UNVERIFIED,Unsynchronised V and S Dataset/Uncategorised IOVNB (V and S) Dataset/S-Dataset/S-T9.csv,,False,UNVERIFIED
VFA01,unsynchronized_uncategorized,,UNVERIFIED,,,UNVERIFIED,Unsynchronised V and S Dataset/Uncategorised IOVNB (V and S) Dataset/S-Dataset/S-Vfa01.csv,Unsynchronised V and S Dataset/Uncategorised IOVNB (V and S) Dataset/V-Dataset/V-Vfa01.csv,True,INFERRED
VFA02,unsynchronized_uncategorized,,UNVERIFIED,,,UNVERIFIED,Unsynchronised V and S Dataset/Uncategorised IOVNB (V and S) Dataset/S-Dataset/S-Vfa02.csv,Unsynchronised V and S Dataset/Uncategorised IOVNB (V and S) Dataset/V-Dataset/V-Vfa02.csv,True,INFERRED
VFB01A,unsynchronized_uncategorized,,UNVERIFIED,,,UNVERIFIED,,Unsynchronised V and S Dataset/Uncategorised IOVNB (V and S) Dataset/V-Dataset/V-Vfb01a.csv,False,UNVERIFIED
VFB01B,unsynchronized_uncategorized,,UNVERIFIED,,,UNVERIFIED,,Unsynchronised V and S Dataset/Uncategorised IOVNB (V and S) Dataset/V-Dataset/V-Vfb01b.csv,False,UNVERIFIED
VFB01C,unsynchronized_uncategorized,,UNVERIFIED,,,UNVERIFIED,,Unsynchronised V and S Dataset/Uncategorised IOVNB (V and S) Dataset/V-Dataset/V-Vfb01c.csv,False,UNVERIFIED
VFB01D,unsynchronized_uncategorized,,UNVERIFIED,,,UNVERIFIED,,Unsynchronised V and S Dataset/Uncategorised IOVNB (V and S) Dataset/V-Dataset/V-Vfb01d.csv,False,UNVERIFIED
VFB02A,unsynchronized_uncategorized,,UNVERIFIED,,,UNVERIFIED,,Unsynchronised V and S Dataset/Uncategorised IOVNB (V and S) Dataset/V-Dataset/V-Vfb02a.csv,False,UNVERIFIED
VFB02B,unsynchronized_uncategorized,,UNVERIFIED,,,UNVERIFIED,,Unsynchronised V and S Dataset/Uncategorised IOVNB (V and S) Dataset/V-Dataset/V-Vfb02b.csv,False,UNVERIFIED
VFB02C,unsynchronized_uncategorized,,UNVERIFIED,,,UNVERIFIED,,Unsynchronised V and S Dataset/Uncategorised IOVNB (V and S) Dataset/V-Dataset/V-Vfb02c.csv,False,UNVERIFIED
VFB02D,unsynchronized_uncategorized,,UNVERIFIED,,,UNVERIFIED,,Unsynchronised V and S Dataset/Uncategorised IOVNB (V and S) Dataset/V-Dataset/V-Vfb02d.csv,False,UNVERIFIED
VFB02E,unsynchronized_uncategorized,,UNVERIFIED,,,UNVERIFIED,,Unsynchronised V and S Dataset/Uncategorised IOVNB (V and S) Dataset/V-Dataset/V-Vfb02e.csv,False,UNVERIFIED
VFB02F,unsynchronized_uncategorized,,UNVERIFIED,,,UNVERIFIED,,Unsynchronised V and S Dataset/Uncategorised IOVNB (V and S) Dataset/V-Dataset/V-Vfb02f.csv,False,UNVERIFIED
VFB02G,unsynchronized_uncategorized,,UNVERIFIED,,,UNVERIFIED,,Unsynchronised V and S Dataset/Uncategorised IOVNB (V and S) Dataset/V-Dataset/V-Vfb02g.csv,False,UNVERIFIED
VTA10,unsynchronized_uncategorized,,UNVERIFIED,,,UNVERIFIED,Unsynchronised V and S Dataset/Uncategorised IOVNB (V and S) Dataset/S-Dataset/S-Vta10.csv,Unsynchronised V and S Dataset/Uncategorised IOVNB (V and S) Dataset/V-Dataset/V-Vta10.csv,True,INFERRED
VTA11,unsynchronized_uncategorized,,UNVERIFIED,,,UNVERIFIED,Unsynchronised V and S Dataset/Uncategorised IOVNB (V and S) Dataset/S-Dataset/S-Vta11.csv,Unsynchronised V and S Dataset/Uncategorised IOVNB (V and S) Dataset/V-Dataset/V-Vta11.csv,True,INFERRED
VTA12,unsynchronized_uncategorized,,UNVERIFIED,,,UNVERIFIED,Unsynchronised V and S Dataset/Uncategorised IOVNB (V and S) Dataset/S-Dataset/S-Vta12.csv,Unsynchronised V and S Dataset/Uncategorised IOVNB (V and S) Dataset/V-Dataset/V-Vta12.csv,True,INFERRED
VTA13,unsynchronized_uncategorized,,UNVERIFIED,,,UNVERIFIED,Unsynchronised V and S Dataset/Uncategorised IOVNB (V and S) Dataset/S-Dataset/S-Vta13.csv,Unsynchronised V and S Dataset/Uncategorised IOVNB (V and S) Dataset/V-Dataset/V-Vta13.csv,True,INFERRED
VTA14,unsynchronized_uncategorized,,UNVERIFIED,,,UNVERIFIED,Unsynchronised V and S Dataset/Uncategorised IOVNB (V and S) Dataset/S-Dataset/S-Vta14.csv,Unsynchronised V and S Dataset/Uncategorised IOVNB (V and S) Dataset/V-Dataset/V-Vta14.csv,True,INFERRED
VTA15,unsynchronized_uncategorized,,UNVERIFIED,,,UNVERIFIED,Unsynchronised V and S Dataset/Uncategorised IOVNB (V and S) Dataset/S-Dataset/S-Vta15.csv,Unsynchronised V and S Dataset/Uncategorised IOVNB (V and S) Dataset/V-Dataset/V-Vta15.csv,True,INFERRED
VTA16,unsynchronized_uncategorized,,UNVERIFIED,,,UNVERIFIED,Unsynchronised V and S Dataset/Uncategorised IOVNB (V and S) Dataset/S-Dataset/S-Vta16.csv,Unsynchronised V and S Dataset/Uncategorised IOVNB (V and S) Dataset/V-Dataset/V-Vta16.csv,True,INFERRED
VTA17,unsynchronized_uncategorized,,UNVERIFIED,,,UNVERIFIED,Unsynchronised V and S Dataset/Uncategorised IOVNB (V and S) Dataset/S-Dataset/S-Vta17.csv,Unsynchronised V and S Dataset/Uncategorised IOVNB (V and S) Dataset/V-Dataset/V-Vta17.csv,True,INFERRED
VTA18,unsynchronized_uncategorized,,UNVERIFIED,,,UNVERIFIED,,Unsynchronised V and S Dataset/Uncategorised IOVNB (V and S) Dataset/V-Dataset/V-Vta18.csv,False,UNVERIFIED
VTA19,unsynchronized_uncategorized,,UNVERIFIED,,,UNVERIFIED,Unsynchronised V and S Dataset/Uncategorised IOVNB (V and S) Dataset/S-Dataset/S-Vta19.csv,Unsynchronised V and S Dataset/Uncategorised IOVNB (V and S) Dataset/V-Dataset/V-Vta19.csv,True,INFERRED
VTA1A,unsynchronized_uncategorized,,UNVERIFIED,,,UNVERIFIED,Unsynchronised V and S Dataset/Uncategorised IOVNB (V and S) Dataset/S-Dataset/S-Vta1a.csv,Unsynchronised V and S Dataset/Uncategorised IOVNB (V and S) Dataset/V-Dataset/V-Vta1a.csv,True,INFERRED
VTA1B,unsynchronized_uncategorized,,UNVERIFIED,,,UNVERIFIED,Unsynchronised V and S Dataset/Uncategorised IOVNB (V and S) Dataset/S-Dataset/S-Vta1b.csv,Unsynchronised V and S Dataset/Uncategorised IOVNB (V and S) Dataset/V-Dataset/V-Vta1b.csv,True,INFERRED
VTA2,unsynchronized_uncategorized,,UNVERIFIED,,,UNVERIFIED,Unsynchronised V and S Dataset/Uncategorised IOVNB (V and S) Dataset/S-Dataset/S-Vta2.csv,Unsynchronised V and S Dataset/Uncategorised IOVNB (V and S) Dataset/V-Dataset/V-Vta2.csv,True,INFERRED
VTA20,unsynchronized_uncategorized,,UNVERIFIED,,,UNVERIFIED,Unsynchronised V and S Dataset/Uncategorised IOVNB (V and S) Dataset/S-Dataset/S-Vta20.csv,Unsynchronised V and S Dataset/Uncategorised IOVNB (V and S) Dataset/V-Dataset/V-Vta20.csv,True,INFERRED
VTA21,unsynchronized_uncategorized,,UNVERIFIED,,,UNVERIFIED,Unsynchronised V and S Dataset/Uncategorised IOVNB (V and S) Dataset/S-Dataset/S-Vta21.csv,Unsynchronised V and S Dataset/Uncategorised IOVNB (V and S) Dataset/V-Dataset/V-Vta21.csv,True,INFERRED
VTA22,unsynchronized_uncategorized,,UNVERIFIED,,,UNVERIFIED,Unsynchronised V and S Dataset/Uncategorised IOVNB (V and S) Dataset/S-Dataset/S-Vta22.csv,Unsynchronised V and S Dataset/Uncategorised IOVNB (V and S) Dataset/V-Dataset/V-Vta22.csv,True,INFERRED
VTA23,unsynchronized_uncategorized,,UNVERIFIED,,,UNVERIFIED,Unsynchronised V and S Dataset/Uncategorised IOVNB (V and S) Dataset/S-Dataset/S-Vta23.csv,Unsynchronised V and S Dataset/Uncategorised IOVNB (V and S) Dataset/V-Dataset/V-Vta23.csv,True,INFERRED
VTA24,unsynchronized_uncategorized,,UNVERIFIED,,,UNVERIFIED,Unsynchronised V and S Dataset/Uncategorised IOVNB (V and S) Dataset/S-Dataset/S-Vta24.csv,Unsynchronised V and S Dataset/Uncategorised IOVNB (V and S) Dataset/V-Dataset/V-Vta24.csv,True,INFERRED
VTA25,unsynchronized_uncategorized,,UNVERIFIED,,,UNVERIFIED,Unsynchronised V and S Dataset/Uncategorised IOVNB (V and S) Dataset/S-Dataset/S-Vta25.csv,Unsynchronised V and S Dataset/Uncategorised IOVNB (V and S) Dataset/V-Dataset/V-Vta25.csv,True,INFERRED
VTA26,unsynchronized_uncategorized,,UNVERIFIED,,,UNVERIFIED,Unsynchronised V and S Dataset/Uncategorised IOVNB (V and S) Dataset/S-Dataset/S-Vta26.csv,Unsynchronised V and S Dataset/Uncategorised IOVNB (V and S) Dataset/V-Dataset/V-Vta26.csv,True,INFERRED
VTA27,unsynchronized_uncategorized,,UNVERIFIED,,,UNVERIFIED,Unsynchronised V and S Dataset/Uncategorised IOVNB (V and S) Dataset/S-Dataset/S-Vta27.csv,Unsynchronised V and S Dataset/Uncategorised IOVNB (V and S) Dataset/V-Dataset/V-Vta27.csv,True,INFERRED
VTA28,unsynchronized_uncategorized,,UNVERIFIED,,,UNVERIFIED,Unsynchronised V and S Dataset/Uncategorised IOVNB (V and S) Dataset/S-Dataset/S-Vta28.csv,Unsynchronised V and S Dataset/Uncategorised IOVNB (V and S) Dataset/V-Dataset/V-Vta28.csv,True,INFERRED
VTA29,unsynchronized_uncategorized,,UNVERIFIED,,,UNVERIFIED,Unsynchronised V and S Dataset/Uncategorised IOVNB (V and S) Dataset/S-Dataset/S-Vta29.csv,Unsynchronised V and S Dataset/Uncategorised IOVNB (V and S) Dataset/V-Dataset/V-Vta29.csv,True,INFERRED
VTA3,unsynchronized_uncategorized,,UNVERIFIED,,,UNVERIFIED,Unsynchronised V and S Dataset/Uncategorised IOVNB (V and S) Dataset/S-Dataset/S-Vta3.csv,Unsynchronised V and S Dataset/Uncategorised IOVNB (V and S) Dataset/V-Dataset/V-Vta3.csv,True,INFERRED
VTA30,unsynchronized_uncategorized,,UNVERIFIED,,,UNVERIFIED,Unsynchronised V and S Dataset/Uncategorised IOVNB (V and S) Dataset/S-Dataset/S-Vta30.csv,Unsynchronised V and S Dataset/Uncategorised IOVNB (V and S) Dataset/V-Dataset/V-Vta30.csv,True,INFERRED
VTA4,unsynchronized_uncategorized,,UNVERIFIED,,,UNVERIFIED,Unsynchronised V and S Dataset/Uncategorised IOVNB (V and S) Dataset/S-Dataset/S-Vta4.csv,Unsynchronised V and S Dataset/Uncategorised IOVNB (V and S) Dataset/V-Dataset/V-Vta4.csv,True,INFERRED
VTA5,unsynchronized_uncategorized,,UNVERIFIED,,,UNVERIFIED,Unsynchronised V and S Dataset/Uncategorised IOVNB (V and S) Dataset/S-Dataset/S-Vta5.csv,Unsynchronised V and S Dataset/Uncategorised IOVNB (V and S) Dataset/V-Dataset/V-Vta5.csv,True,INFERRED
VTA6,unsynchronized_uncategorized,,UNVERIFIED,,,UNVERIFIED,Unsynchronised V and S Dataset/Uncategorised IOVNB (V and S) Dataset/S-Dataset/S-Vta6.csv,Unsynchronised V and S Dataset/Uncategorised IOVNB (V and S) Dataset/V-Dataset/V-Vta6.csv,True,INFERRED
VTA7,unsynchronized_uncategorized,,UNVERIFIED,,,UNVERIFIED,Unsynchronised V and S Dataset/Uncategorised IOVNB (V and S) Dataset/S-Dataset/S-Vta7.csv,Unsynchronised V and S Dataset/Uncategorised IOVNB (V and S) Dataset/V-Dataset/V-Vta7.csv,True,INFERRED
VTA8,unsynchronized_uncategorized,,UNVERIFIED,,,UNVERIFIED,Unsynchronised V and S Dataset/Uncategorised IOVNB (V and S) Dataset/S-Dataset/S-Vta8.csv,Unsynchronised V and S Dataset/Uncategorised IOVNB (V and S) Dataset/V-Dataset/V-Vta8.csv,True,INFERRED
VTA9,unsynchronized_uncategorized,,UNVERIFIED,,,UNVERIFIED,Unsynchronised V and S Dataset/Uncategorised IOVNB (V and S) Dataset/S-Dataset/S-Vta9.csv,Unsynchronised V and S Dataset/Uncategorised IOVNB (V and S) Dataset/V-Dataset/V-Vta9.csv,True,INFERRED
VTB1,unsynchronized_uncategorized,,UNVERIFIED,,,UNVERIFIED,Unsynchronised V and S Dataset/Uncategorised IOVNB (V and S) Dataset/S-Dataset/S-Vtb1.csv,Unsynchronised V and S Dataset/Uncategorised IOVNB (V and S) Dataset/V-Dataset/V-Vtb1.csv,True,INFERRED
VTB10,unsynchronized_uncategorized,,UNVERIFIED,,,UNVERIFIED,Unsynchronised V and S Dataset/Uncategorised IOVNB (V and S) Dataset/S-Dataset/S-Vtb10.csv,Unsynchronised V and S Dataset/Uncategorised IOVNB (V and S) Dataset/V-Dataset/V-Vtb10.csv,True,INFERRED
VTB11,unsynchronized_uncategorized,,UNVERIFIED,,,UNVERIFIED,Unsynchronised V and S Dataset/Uncategorised IOVNB (V and S) Dataset/S-Dataset/S-Vtb11.csv,Unsynchronised V and S Dataset/Uncategorised IOVNB (V and S) Dataset/V-Dataset/V-Vtb11.csv,True,INFERRED
VTB12,unsynchronized_uncategorized,,UNVERIFIED,,,UNVERIFIED,Unsynchronised V and S Dataset/Uncategorised IOVNB (V and S) Dataset/S-Dataset/S-Vtb12.csv,Unsynchronised V and S Dataset/Uncategorised IOVNB (V and S) Dataset/V-Dataset/V-Vtb12.csv,True,INFERRED
VTB13,unsynchronized_uncategorized,,UNVERIFIED,,,UNVERIFIED,,Unsynchronised V and S Dataset/Uncategorised IOVNB (V and S) Dataset/V-Dataset/V-Vtb13.csv,False,UNVERIFIED
VTB2,unsynchronized_uncategorized,,UNVERIFIED,,,UNVERIFIED,Unsynchronised V and S Dataset/Uncategorised IOVNB (V and S) Dataset/S-Dataset/S-Vtb2.csv,Unsynchronised V and S Dataset/Uncategorised IOVNB (V and S) Dataset/V-Dataset/V-Vtb2.csv,True,INFERRED
VTB3,unsynchronized_uncategorized,,UNVERIFIED,,,UNVERIFIED,Unsynchronised V and S Dataset/Uncategorised IOVNB (V and S) Dataset/S-Dataset/S-Vtb3.csv,Unsynchronised V and S Dataset/Uncategorised IOVNB (V and S) Dataset/V-Dataset/V-Vtb3.csv,True,INFERRED
VTB4,unsynchronized_uncategorized,,UNVERIFIED,,,UNVERIFIED,Unsynchronised V and S Dataset/Uncategorised IOVNB (V and S) Dataset/S-Dataset/S-Vtb4.csv,Unsynchronised V and S Dataset/Uncategorised IOVNB (V and S) Dataset/V-Dataset/V-Vtb4.csv,True,INFERRED
VTB5,unsynchronized_uncategorized,,UNVERIFIED,,,UNVERIFIED,Unsynchronised V and S Dataset/Uncategorised IOVNB (V and S) Dataset/S-Dataset/S-Vtb5.csv,Unsynchronised V and S Dataset/Uncategorised IOVNB (V and S) Dataset/V-Dataset/V-Vtb5.csv,True,INFERRED
VTB6,unsynchronized_uncategorized,,UNVERIFIED,,,UNVERIFIED,Unsynchronised V and S Dataset/Uncategorised IOVNB (V and S) Dataset/S-Dataset/S-Vtb6.csv,Unsynchronised V and S Dataset/Uncategorised IOVNB (V and S) Dataset/V-Dataset/V-Vtb6.csv,True,INFERRED
VTB7,unsynchronized_uncategorized,,UNVERIFIED,,,UNVERIFIED,Unsynchronised V and S Dataset/Uncategorised IOVNB (V and S) Dataset/S-Dataset/S-Vtb7.csv,Unsynchronised V and S Dataset/Uncategorised IOVNB (V and S) Dataset/V-Dataset/V-Vtb7.csv,True,INFERRED
VTB8,unsynchronized_uncategorized,,UNVERIFIED,,,UNVERIFIED,Unsynchronised V and S Dataset/Uncategorised IOVNB (V and S) Dataset/S-Dataset/S-Vtb8.csv,Unsynchronised V and S Dataset/Uncategorised IOVNB (V and S) Dataset/V-Dataset/V-Vtb8.csv,True,INFERRED
VTB9,unsynchronized_uncategorized,,UNVERIFIED,,,UNVERIFIED,Unsynchronised V and S Dataset/Uncategorised IOVNB (V and S) Dataset/S-Dataset/S-Vtb9.csv,Unsynchronised V and S Dataset/Uncategorised IOVNB (V and S) Dataset/V-Dataset/V-Vtb9.csv,True,INFERRED
VW1,unsynchronized_uncategorized,,UNVERIFIED,,,UNVERIFIED,Unsynchronised V and S Dataset/Uncategorised IOVNB (V and S) Dataset/S-Dataset/S-Vw1.csv,Unsynchronised V and S Dataset/Uncategorised IOVNB (V and S) Dataset/V-Dataset/V-Vw1.csv,True,INFERRED
VW10,unsynchronized_uncategorized,,UNVERIFIED,,,UNVERIFIED,Unsynchronised V and S Dataset/Uncategorised IOVNB (V and S) Dataset/S-Dataset/S-Vw10.csv,Unsynchronised V and S Dataset/Uncategorised IOVNB (V and S) Dataset/V-Dataset/V-Vw10.csv,True,INFERRED
VW11,unsynchronized_uncategorized,,UNVERIFIED,,,UNVERIFIED,Unsynchronised V and S Dataset/Uncategorised IOVNB (V and S) Dataset/S-Dataset/S-Vw11.csv,Unsynchronised V and S Dataset/Uncategorised IOVNB (V and S) Dataset/V-Dataset/V-Vw11.csv,True,INFERRED
VW12,unsynchronized_uncategorized,,UNVERIFIED,,,UNVERIFIED,Unsynchronised V and S Dataset/Uncategorised IOVNB (V and S) Dataset/S-Dataset/S-Vw12.csv,Unsynchronised V and S Dataset/Uncategorised IOVNB (V and S) Dataset/V-Dataset/V-Vw12.csv,True,INFERRED
VW13,unsynchronized_uncategorized,,UNVERIFIED,,,UNVERIFIED,Unsynchronised V and S Dataset/Uncategorised IOVNB (V and S) Dataset/S-Dataset/S-Vw13.csv,Unsynchronised V and S Dataset/Uncategorised IOVNB (V and S) Dataset/V-Dataset/V-Vw13.csv,True,INFERRED
VW14A,unsynchronized_uncategorized,,UNVERIFIED,,,UNVERIFIED,Unsynchronised V and S Dataset/Uncategorised IOVNB (V and S) Dataset/S-Dataset/S-Vw14a.csv,Unsynchronised V and S Dataset/Uncategorised IOVNB (V and S) Dataset/V-Dataset/V-Vw14a.csv,True,INFERRED
VW14B,unsynchronized_uncategorized,,UNVERIFIED,,,UNVERIFIED,Unsynchronised V and S Dataset/Uncategorised IOVNB (V and S) Dataset/S-Dataset/S-Vw14b.csv,Unsynchronised V and S Dataset/Uncategorised IOVNB (V and S) Dataset/V-Dataset/V-Vw14b.csv,True,INFERRED
VW14C,unsynchronized_uncategorized,,UNVERIFIED,,,UNVERIFIED,Unsynchronised V and S Dataset/Uncategorised IOVNB (V and S) Dataset/S-Dataset/S-Vw14c.csv,Unsynchronised V and S Dataset/Uncategorised IOVNB (V and S) Dataset/V-Dataset/V-Vw14c.csv,True,INFERRED
VW15,unsynchronized_uncategorized,,UNVERIFIED,,,UNVERIFIED,Unsynchronised V and S Dataset/Uncategorised IOVNB (V and S) Dataset/S-Dataset/S-Vw15.csv,Unsynchronised V and S Dataset/Uncategorised IOVNB (V and S) Dataset/V-Dataset/V-Vw15.csv,True,INFERRED
VW16A,unsynchronized_uncategorized,,UNVERIFIED,,,UNVERIFIED,Unsynchronised V and S Dataset/Uncategorised IOVNB (V and S) Dataset/S-Dataset/S-Vw16a.csv,Unsynchronised V and S Dataset/Uncategorised IOVNB (V and S) Dataset/V-Dataset/V-Vw16a.csv,True,INFERRED
VW16B,unsynchronized_uncategorized,,UNVERIFIED,,,UNVERIFIED,Unsynchronised V and S Dataset/Uncategorised IOVNB (V and S) Dataset/S-Dataset/S-Vw16b.csv,Unsynchronised V and S Dataset/Uncategorised IOVNB (V and S) Dataset/V-Dataset/V-Vw16b.csv,True,INFERRED
VW17,unsynchronized_uncategorized,,UNVERIFIED,,,UNVERIFIED,Unsynchronised V and S Dataset/Uncategorised IOVNB (V and S) Dataset/S-Dataset/S-Vw17.csv,Unsynchronised V and S Dataset/Uncategorised IOVNB (V and S) Dataset/V-Dataset/V-Vw17.csv,True,INFERRED
VW2,unsynchronized_uncategorized,,UNVERIFIED,,,UNVERIFIED,Unsynchronised V and S Dataset/Uncategorised IOVNB (V and S) Dataset/S-Dataset/S-Vw2.csv,Unsynchronised V and S Dataset/Uncategorised IOVNB (V and S) Dataset/V-Dataset/V-Vw2.csv,True,INFERRED
VW3,unsynchronized_uncategorized,,UNVERIFIED,,,UNVERIFIED,Unsynchronised V and S Dataset/Uncategorised IOVNB (V and S) Dataset/S-Dataset/S-Vw3.csv,Unsynchronised V and S Dataset/Uncategorised IOVNB (V and S) Dataset/V-Dataset/V-Vw3.csv,True,INFERRED
VW4,unsynchronized_uncategorized,,UNVERIFIED,,,UNVERIFIED,Unsynchronised V and S Dataset/Uncategorised IOVNB (V and S) Dataset/S-Dataset/S-Vw4.csv,Unsynchronised V and S Dataset/Uncategorised IOVNB (V and S) Dataset/V-Dataset/V-Vw4.csv,True,INFERRED
VW5,unsynchronized_uncategorized,,UNVERIFIED,,,UNVERIFIED,Unsynchronised V and S Dataset/Uncategorised IOVNB (V and S) Dataset/S-Dataset/S-Vw5.csv,Unsynchronised V and S Dataset/Uncategorised IOVNB (V and S) Dataset/V-Dataset/V-Vw5.csv,True,INFERRED
VW6,unsynchronized_uncategorized,,UNVERIFIED,,,UNVERIFIED,Unsynchronised V and S Dataset/Uncategorised IOVNB (V and S) Dataset/S-Dataset/S-Vw6.csv,Unsynchronised V and S Dataset/Uncategorised IOVNB (V and S) Dataset/V-Dataset/V-Vw6.csv,True,INFERRED
VW7,unsynchronized_uncategorized,,UNVERIFIED,,,UNVERIFIED,Unsynchronised V and S Dataset/Uncategorised IOVNB (V and S) Dataset/S-Dataset/S-Vw7.csv,Unsynchronised V and S Dataset/Uncategorised IOVNB (V and S) Dataset/V-Dataset/V-Vw7.csv,True,INFERRED
VW8,unsynchronized_uncategorized,,UNVERIFIED,,,UNVERIFIED,Unsynchronised V and S Dataset/Uncategorised IOVNB (V and S) Dataset/S-Dataset/S-Vw8.csv,Unsynchronised V and S Dataset/Uncategorised IOVNB (V and S) Dataset/V-Dataset/V-Vw8.csv,True,INFERRED
VW9,unsynchronized_uncategorized,,UNVERIFIED,,,UNVERIFIED,Unsynchronised V and S Dataset/Uncategorised IOVNB (V and S) Dataset/S-Dataset/S-Vw9.csv,Unsynchronised V and S Dataset/Uncategorised IOVNB (V and S) Dataset/V-Dataset/V-Vw9.csv,True,INFERRED
Y1,unsynchronized_uncategorized,,UNVERIFIED,,,UNVERIFIED,Unsynchronised V and S Dataset/Uncategorised IOVNB (V and S) Dataset/S-Dataset/S-Y1.csv,Unsynchronised V and S Dataset/Uncategorised IOVNB (V and S) Dataset/V-Dataset/V-Y1.csv,True,INFERRED
Y2,unsynchronized_uncategorized,,UNVERIFIED,,,UNVERIFIED,,Unsynchronised V and S Dataset/Uncategorised IOVNB (V and S) Dataset/V-Dataset/V-Y2.csv,False,UNVERIFIED
